{"type": "FeatureCollection", "features": [{"type": "Feature", "properties": {"id": 2, "material": "blue", "snapped": false, "floors": 0.1, "name": "Railway Siding", "source_file": "Goad_1906_Everything_wip_2026-05-27_0416.geojson", "import_date": "2026-05-27", "group": "import_Goad_1906_Everything_wip_2026-05-27_0416_20260527", "type": "railway", "length_m": 177.6, "rail_class": "siding", "switcher": false}, "geometry": {"type": "LineString", "coordinates": [[-97.13439349943033, 49.90619719085096], [-97.13600106595305, 49.906361694251174], [-97.1363340074353, 49.90643528150355], [-97.13651886650891, 49.906518435095805], [-97.13666328985835, 49.906623504349476], [-97.13668985222128, 49.90665571965716]]}, "_bbox": {"minLon": -97.13668985222128, "maxLon": -97.13439349943033, "minLat": 49.90619719085096, "maxLat": 49.90665571965716}}, {"type": "Feature", "properties": {"id": 3, "material": "blue", "snapped": false, "floors": 0.1, "name": "Railway Siding", "source_file": "Goad_1906_Everything_wip_2026-05-27_0416.geojson", "import_date": "2026-05-27", "group": "import_Goad_1906_Everything_wip_2026-05-27_0416_20260527", "type": "railway", "length_m": 198.5, "rail_class": "siding", "switcher": false}, "geometry": {"type": "LineString", "coordinates": [[-97.1369625519801, 49.9070669565408], [-97.13686086696231, 49.906961494707545], [-97.13677744775131, 49.90682085117935], [-97.13664483471625, 49.906603588556656], [-97.13650117993244, 49.90641574112096], [-97.13634111430217, 49.90629058445422], [-97.13622981996441, 49.906223946283795], [-97.13604567958345, 49.906152943100516], [-97.1358182075, 49.90609331871431], [-97.13561363886991, 49.906061097894906], [-97.13502977137688, 49.906014135217866]]}, "_bbox": {"minLon": -97.1369625519801, "maxLon": -97.13502977137688, "minLat": 49.906014135217866, "maxLat": 49.9070669565408}}, {"type": "Feature", "properties": {"id": 9, "material": "blue", "snapped": false, "floors": 0.1, "name": "Railway Siding", "source_file": "Goad_1906_Everything_wip_2026-05-27_0416.geojson", "import_date": "2026-05-27", "group": "import_Goad_1906_Everything_wip_2026-05-27_0416_20260527", "type": "railway", "length_m": 310.9, "rail_class": "siding", "switcher": false}, "geometry": {"type": "LineString", "coordinates": [[-97.13194745411178, 49.905044059251836], [-97.13440507891649, 49.90541455676015], [-97.13478842938989, 49.90548275136905], [-97.13525288747353, 49.905606341739755], [-97.13607676135808, 49.90586230047242]]}, "_bbox": {"minLon": -97.13607676135808, "maxLon": -97.13194745411178, "minLat": 49.905044059251836, "maxLat": 49.90586230047242}}, {"type": "Feature", "properties": {"id": 10, "material": "blue", "snapped": false, "floors": 0.1, "name": "Railway Siding", "source_file": "Goad_1906_Everything_wip_2026-05-27_0416.geojson", "import_date": "2026-05-27", "group": "import_Goad_1906_Everything_wip_2026-05-27_0416_20260527", "type": "railway", "length_m": 283.1, "rail_class": "siding", "switcher": true}, "geometry": {"type": "LineString", "coordinates": [[-97.13197240594765, 49.9050116388565], [-97.13473682045154, 49.90543509595332], [-97.135038627826, 49.905503238543126], [-97.13575606689115, 49.90571543053427]]}, "_bbox": {"minLon": -97.13575606689115, "maxLon": -97.13197240594765, "minLat": 49.9050116388565, "maxLat": 49.90571543053427}}, {"type": "Feature", "properties": {"id": 12, "material": "blue", "snapped": false, "floors": 0.1, "name": "Railway Siding", "source_file": "Goad_1906_Everything_wip_2026-05-27_0416.geojson", "import_date": "2026-05-27", "group": "import_Goad_1906_Everything_wip_2026-05-27_0416_20260527", "type": "railway", "length_m": 254.4, "rail_class": "siding", "switcher": false}, "geometry": {"type": "LineString", "coordinates": [[-97.13193126551131, 49.905104664613965], [-97.13434268356737, 49.905473933410775], [-97.13512111312647, 49.905588962152216], [-97.13537863628491, 49.90564463805817]]}, "_bbox": {"minLon": -97.13537863628491, "maxLon": -97.13193126551131, "minLat": 49.905104664613965, "maxLat": 49.90564463805817}}, {"type": "Feature", "properties": {"material": "blue", "fill_original": "#000000", "snapped": false, "area_m2": 4174.4, "id": 16, "source_file": "Goad_1906_Sheet_22.geojson", "import_date": "2026-05-12", "group": "import_Goad_1906_Sheet_22_20260512", "floors": 0.1, "name": "Railway Siding", "type": "railway", "length_m": 254.2, "rail_class": "siding", "switcher": false}, "geometry": {"type": "LineString", "coordinates": [[-97.14071847055922, 49.90813293508325], [-97.13754870905328, 49.90710367262303]]}, "_bbox": {"minLon": -97.14071847055922, "maxLon": -97.13754870905328, "minLat": 49.90710367262303, "maxLat": 49.90813293508325}}, {"type": "Feature", "properties": {"material": "blue", "fill_original": "#000000", "snapped": false, "area_m2": 3963.6, "id": 17, "source_file": "Goad_1906_Sheet_22.geojson", "import_date": "2026-05-12", "group": "import_Goad_1906_Sheet_22_20260512", "floors": 0.1, "name": "Railway Siding", "type": "railway", "length_m": 237.9, "rail_class": "siding", "switcher": false}, "geometry": {"type": "LineString", "coordinates": [[-97.14055175244002, 49.90802141362769], [-97.13757693392326, 49.907068180792834]]}, "_bbox": {"minLon": -97.14055175244002, "maxLon": -97.13757693392326, "minLat": 49.907068180792834, "maxLat": 49.90802141362769}}, {"type": "Feature", "properties": {"material": "blue", "fill_original": "#000000", "snapped": false, "area_m2": 16782.6, "id": 21, "source_file": "Goad_1906_Sheet_22.geojson", "import_date": "2026-05-12", "group": "import_Goad_1906_Sheet_22_20260512", "floors": 0.1, "name": "Railway Siding", "type": "railway", "length_m": 262.2, "rail_class": "siding", "switcher": false}, "geometry": {"type": "LineString", "coordinates": [[-97.1345145595883, 49.90642649867526], [-97.13599045237562, 49.906583088238875], [-97.1362030819873, 49.90662987572336], [-97.13637708619541, 49.906691775160326], [-97.13658281762334, 49.90679068737008], [-97.13675937466897, 49.90690064149693], [-97.13707960919173, 49.90713461356527], [-97.13716798637297, 49.9071927894985], [-97.13726196792048, 49.90725420958043], [-97.13744424296236, 49.90736833987599], [-97.13764602021449, 49.90745620766313]]}, "_bbox": {"minLon": -97.13764602021449, "maxLon": -97.1345145595883, "minLat": 49.90642649867526, "maxLat": 49.90745620766313}}, {"type": "Feature", "properties": {"material": "blue", "fill_original": "#000000", "snapped": false, "area_m2": 900.5, "id": 24, "source_file": "Goad_1906_Sheet_22.geojson", "import_date": "2026-05-12", "group": "import_Goad_1906_Sheet_22_20260512", "floors": 0.1, "name": "Railway Siding", "type": "railway", "length_m": 52.6, "rail_class": "siding", "switcher": false}, "geometry": {"type": "LineString", "coordinates": [[-97.14020437199504, 49.90700474464986], [-97.13962490190667, 49.90671367448006]]}, "_bbox": {"minLon": -97.14020437199504, "maxLon": -97.13962490190667, "minLat": 49.90671367448006, "maxLat": 49.90700474464986}}, {"type": "Feature", "properties": {"id": 28, "material": "blue", "snapped": false, "floors": 0.1, "name": "Railway Siding", "source_file": "Goad_1906_Sheet_52_fin_2026-05-11_2102.geojson", "import_date": "2026-05-11", "group": "import_Goad_1906_Sheet_52_fin_2026-05-11_2102_20260511", "type": "railway", "length_m": 104.8, "rail_class": "siding", "switcher": true}, "geometry": {"type": "LineString", "coordinates": [[-97.12909591014527, 49.886847330721054], [-97.12899716052165, 49.88718425869586], [-97.12897758555602, 49.887789348073085]]}, "_bbox": {"minLon": -97.12909591014527, "maxLon": -97.12897758555602, "minLat": 49.886847330721054, "maxLat": 49.887789348073085}}, {"type": "Feature", "properties": {"id": 29, "material": "blue", "snapped": false, "floors": 0.1, "name": "Railway Siding", "source_file": "Goad_1906_Sheet_52_fin_2026-05-11_2102.geojson", "import_date": "2026-05-11", "group": "import_Goad_1906_Sheet_52_fin_2026-05-11_2102_20260511", "type": "railway", "length_m": 83.7, "rail_class": "siding", "switcher": false}, "geometry": {"type": "LineString", "coordinates": [[-97.12891560675759, 49.88784847180998], [-97.12894060672927, 49.8872443984206], [-97.12900373477754, 49.88709686578773]]}, "_bbox": {"minLon": -97.12900373477754, "maxLon": -97.12891560675759, "minLat": 49.88709686578773, "maxLat": 49.88784847180998}}, {"type": "Feature", "properties": {"id": 30, "material": "blue", "snapped": false, "floors": 0.1, "name": "Railway Siding", "source_file": "Goad_1906_Sheet_52_fin_2026-05-11_2102.geojson", "import_date": "2026-05-11", "group": "import_Goad_1906_Sheet_52_fin_2026-05-11_2102_20260511", "type": "railway", "length_m": 64.3, "rail_class": "siding", "switcher": true}, "geometry": {"type": "LineString", "coordinates": [[-97.12884954847182, 49.88783460153321], [-97.12887784987494, 49.88741088137291], [-97.12892501113055, 49.88725588798763]]}, "_bbox": {"minLon": -97.12892501113055, "maxLon": -97.12884954847182, "minLat": 49.88725588798763, "maxLat": 49.88783460153321}}, {"type": "Feature", "properties": {"id": 31, "material": "blue", "snapped": false, "floors": 0.1, "name": "Railway Siding", "source_file": "Goad_1906_Sheet_52_fin_2026-05-11_2102.geojson", "import_date": "2026-05-11", "group": "import_Goad_1906_Sheet_52_fin_2026-05-11_2102_20260511", "type": "railway", "length_m": 111.1, "rail_class": "siding", "switcher": false}, "geometry": {"type": "LineString", "coordinates": [[-97.1290971713599, 49.88670549249908], [-97.12912499001962, 49.88717977331155], [-97.12937720341453, 49.88768482700131]]}, "_bbox": {"minLon": -97.12937720341453, "maxLon": -97.1290971713599, "minLat": 49.88670549249908, "maxLat": 49.88768482700131}}, {"type": "Feature", "properties": {"id": 32, "material": "blue", "snapped": false, "floors": 0.1, "name": "Canadian National Railway Mainline", "source_file": "Goad_1906_Sheet_52_fin_2026-05-11_2102.geojson", "import_date": "2026-05-11", "group": "import_Goad_1906_Sheet_52_fin_2026-05-11_2102_20260511", "type": "railway", "length_m": 3739.5, "rail_class": "through"}, "geometry": {"type": "LineString", "coordinates": [[-97.12909638226502, 49.886689084475236], [-97.12903662481462, 49.88540772000288], [-97.12912663182406, 49.88516115120674], [-97.12923941636463, 49.88503656478163], [-97.13609321136367, 49.879830161877585], [-97.13773402268892, 49.8784221208668], [-97.13863683440552, 49.877178100963995], [-97.15121905489939, 49.85657266559746]]}, "_bbox": {"minLon": -97.15121905489939, "maxLon": -97.12903662481462, "minLat": 49.85657266559746, "maxLat": 49.886689084475236}}, {"type": "Feature", "properties": {"id": 33, "material": "blue", "snapped": false, "floors": 0.1, "name": "Railway Siding", "source_file": "Goad_1906_Sheet_52_fin_2026-05-11_2102.geojson", "import_date": "2026-05-11", "group": "import_Goad_1906_Sheet_52_fin_2026-05-11_2102_20260511", "type": "railway", "length_m": 41.9, "rail_class": "siding", "switcher": false}, "geometry": {"type": "LineString", "coordinates": [[-97.1295566264474, 49.88767117419699], [-97.12936150960994, 49.88731428413582]]}, "_bbox": {"minLon": -97.1295566264474, "maxLon": -97.12936150960994, "minLat": 49.88731428413582, "maxLat": 49.88767117419699}}, {"type": "Feature", "properties": {"id": 34, "material": "blue", "snapped": false, "floors": 0.1, "name": "Railway Siding", "source_file": "Goad_1906_Sheet_52_fin_2026-05-11_2102.geojson", "import_date": "2026-05-11", "group": "import_Goad_1906_Sheet_52_fin_2026-05-11_2102_20260511", "type": "railway", "length_m": 55.7, "rail_class": "siding", "switcher": true}, "geometry": {"type": "LineString", "coordinates": [[-97.12978997229528, 49.88704561984217], [-97.12999431662531, 49.88743207295515], [-97.13001570473727, 49.88752597058928]]}, "_bbox": {"minLon": -97.13001570473727, "maxLon": -97.12978997229528, "minLat": 49.88704561984217, "maxLat": 49.88752597058928}}, {"type": "Feature", "properties": {"id": 35, "material": "blue", "snapped": false, "floors": 0.1, "name": "Railway Siding", "source_file": "Goad_1906_Sheet_52_fin_2026-05-11_2102.geojson", "import_date": "2026-05-11", "group": "import_Goad_1906_Sheet_52_fin_2026-05-11_2102_20260511", "type": "railway", "length_m": 105.6, "rail_class": "siding", "switcher": false}, "geometry": {"type": "LineString", "coordinates": [[-97.12960631965657, 49.88661112681048], [-97.12997088162545, 49.887266571573825], [-97.13004228471816, 49.88752052418523]]}, "_bbox": {"minLon": -97.13004228471816, "maxLon": -97.12960631965657, "minLat": 49.88661112681048, "maxLat": 49.88752052418523}}, {"type": "Feature", "properties": {"id": 36, "material": "blue", "snapped": false, "floors": 0.1, "name": "Railway Siding", "source_file": "Goad_1906_Sheet_52_fin_2026-05-11_2102.geojson", "import_date": "2026-05-11", "group": "import_Goad_1906_Sheet_52_fin_2026-05-11_2102_20260511", "type": "railway", "length_m": 95.9, "rail_class": "siding", "switcher": true}, "geometry": {"type": "LineString", "coordinates": [[-97.12929836907459, 49.8867804083889], [-97.12976188758893, 49.887594553245364]]}, "_bbox": {"minLon": -97.12976188758893, "maxLon": -97.12929836907459, "minLat": 49.8867804083889, "maxLat": 49.887594553245364}}, {"type": "Feature", "properties": {"id": 37, "material": "blue", "snapped": false, "floors": 0.1, "name": "Railway Siding", "source_file": "Goad_1906_Sheet_52_fin_2026-05-11_2102.geojson", "import_date": "2026-05-11", "group": "import_Goad_1906_Sheet_52_fin_2026-05-11_2102_20260511", "type": "railway", "length_m": 145.2, "rail_class": "siding", "switcher": false}, "geometry": {"type": "LineString", "coordinates": [[-97.12908285423659, 49.886701863856494], [-97.12900746117309, 49.88685216378091], [-97.12884381033842, 49.88701588581991], [-97.12870016965469, 49.887117914595294], [-97.12831489924268, 49.88730291055772], [-97.12810016402275, 49.88745510809839], [-97.12798833363273, 49.88758246477555], [-97.12791050487367, 49.887732413012635]]}, "_bbox": {"minLon": -97.12908285423659, "maxLon": -97.12791050487367, "minLat": 49.886701863856494, "maxLat": 49.887732413012635}}, {"type": "Feature", "properties": {"id": 38, "material": "blue", "snapped": false, "floors": 0.1, "name": "Railway Siding", "source_file": "Goad_1906_Sheet_52_fin_2026-05-11_2102.geojson", "import_date": "2026-05-11", "group": "import_Goad_1906_Sheet_52_fin_2026-05-11_2102_20260511", "type": "railway", "length_m": 149.6, "rail_class": "siding", "switcher": true}, "geometry": {"type": "LineString", "coordinates": [[-97.12788705812179, 49.888024966183885], [-97.12787616629669, 49.887830835382616], [-97.12797803473757, 49.887384868813925], [-97.12823542697735, 49.88705922912937], [-97.12844477432328, 49.886904977290136], [-97.12861874759415, 49.886828121591925]]}, "_bbox": {"minLon": -97.12861874759415, "maxLon": -97.12787616629669, "minLat": 49.886828121591925, "maxLat": 49.888024966183885}}, {"type": "Feature", "properties": {"id": 39, "material": "blue", "snapped": false, "floors": 0.1, "name": "Railway Siding", "source_file": "Goad_1906_Sheet_52_fin_2026-05-11_2102.geojson", "import_date": "2026-05-11", "group": "import_Goad_1906_Sheet_52_fin_2026-05-11_2102_20260511", "type": "railway", "length_m": 13.0, "rail_class": "siding", "switcher": true}, "geometry": {"type": "LineString", "coordinates": [[-97.1280830292103, 49.8879871605623], [-97.12801927757188, 49.88787684466285]]}, "_bbox": {"minLon": -97.1280830292103, "maxLon": -97.12801927757188, "minLat": 49.88787684466285, "maxLat": 49.8879871605623}}, {"type": "Feature", "properties": {"id": 40, "material": "blue", "snapped": false, "floors": 0.1, "name": "Railway Siding", "source_file": "Goad_1906_Sheet_52_fin_2026-05-11_2102.geojson", "import_date": "2026-05-11", "group": "import_Goad_1906_Sheet_52_fin_2026-05-11_2102_20260511", "type": "railway", "length_m": 54.7, "rail_class": "siding", "switcher": false}, "geometry": {"type": "LineString", "coordinates": [[-97.13097246296405, 49.88730705285578], [-97.13070518864069, 49.88684326834761]]}, "_bbox": {"minLon": -97.13097246296405, "maxLon": -97.13070518864069, "minLat": 49.88684326834761, "maxLat": 49.88730705285578}}, {"type": "Feature", "properties": {"id": 41, "material": "blue", "snapped": false, "floors": 0.1, "name": "Railway Siding", "source_file": "Goad_1906_Sheet_52_fin_2026-05-11_2102.geojson", "import_date": "2026-05-11", "group": "import_Goad_1906_Sheet_52_fin_2026-05-11_2102_20260511", "type": "railway", "length_m": 81.6, "rail_class": "siding", "switcher": false}, "geometry": {"type": "LineString", "coordinates": [[-97.12948145241035, 49.88765798336528], [-97.12914266612034, 49.88703724498496], [-97.12912914243257, 49.88695772636341]]}, "_bbox": {"minLon": -97.12948145241035, "maxLon": -97.12912914243257, "minLat": 49.88695772636341, "maxLat": 49.88765798336528}}, {"type": "Feature", "properties": {"id": 42, "material": "blue", "snapped": false, "floors": 0.1, "name": "Railway Siding", "source_file": "Goad_1906_Sheet_52_fin_2026-05-11_2102.geojson", "import_date": "2026-05-11", "group": "import_Goad_1906_Sheet_52_fin_2026-05-11_2102_20260511", "type": "railway", "length_m": 70.1, "rail_class": "siding", "switcher": false}, "geometry": {"type": "LineString", "coordinates": [[-97.12913645216916, 49.88707320827644], [-97.12915289840097, 49.88716041602991], [-97.12943427197656, 49.887675195149654]]}, "_bbox": {"minLon": -97.12943427197656, "maxLon": -97.12913645216916, "minLat": 49.88707320827644, "maxLat": 49.887675195149654}}, {"type": "Feature", "properties": {"material": "blue", "fill_original": "#000000", "snapped": false, "area_m2": 1609.2, "id": 46, "source_file": "Goad_1906_Sheet_31.geojson", "import_date": "2026-05-04", "group": "import_Goad_1906_Sheet_31_20260504", "floors": 0.1, "name": "Railway", "type": "railway", "length_m": 142.8, "rail_class": "siding", "switcher": true}, "geometry": {"type": "LineString", "coordinates": [[-97.14280505881509, 49.908149431417904], [-97.14442530376954, 49.90890096744235]]}, "_bbox": {"minLon": -97.14442530376954, "maxLon": -97.14280505881509, "minLat": 49.908149431417904, "maxLat": 49.90890096744235}}, {"type": "Feature", "properties": {"material": "blue", "fill_original": "#000000", "snapped": false, "area_m2": 1609.2, "id": 47, "source_file": "Goad_1906_Sheet_31.geojson", "import_date": "2026-05-04", "group": "import_Goad_1906_Sheet_31_20260504", "floors": 0.1, "name": "Railway", "type": "railway", "length_m": 170.9, "rail_class": "siding", "switcher": false}, "geometry": {"type": "LineString", "coordinates": [[-97.14440321325701, 49.90893789482606], [-97.14246357138894, 49.90803867056504]]}, "_bbox": {"minLon": -97.14440321325701, "maxLon": -97.14246357138894, "minLat": 49.90803867056504, "maxLat": 49.90893789482606}}, {"type": "Feature", "properties": {"material": "blue", "fill_original": "#000000", "snapped": false, "area_m2": 1609.2, "id": 48, "source_file": "Goad_1906_Sheet_31.geojson", "import_date": "2026-05-04", "group": "import_Goad_1906_Sheet_31_20260504", "floors": 0.1, "name": "Railway", "type": "railway", "length_m": 200.9, "rail_class": "siding", "switcher": false}, "geometry": {"type": "LineString", "coordinates": [[-97.14438487043597, 49.90897297425098], [-97.14210239525923, 49.907918245173434]]}, "_bbox": {"minLon": -97.14438487043597, "maxLon": -97.14210239525923, "minLat": 49.907918245173434, "maxLat": 49.90897297425098}}, {"type": "Feature", "properties": {"material": "blue", "fill_original": "#000000", "snapped": false, "area_m2": 1609.2, "id": 49, "source_file": "Goad_1906_Sheet_31.geojson", "import_date": "2026-05-04", "group": "import_Goad_1906_Sheet_31_20260504", "floors": 0.1, "name": "Railway", "type": "railway", "length_m": 224.2, "rail_class": "siding", "switcher": false}, "geometry": {"type": "LineString", "coordinates": [[-97.14435047192605, 49.90900754762011], [-97.14181164542032, 49.90782429382879]]}, "_bbox": {"minLon": -97.14435047192605, "maxLon": -97.14181164542032, "minLat": 49.90782429382879, "maxLat": 49.90900754762011}}, {"type": "Feature", "properties": {"material": "blue", "fill_original": "#000000", "snapped": false, "area_m2": 1609.2, "id": 50, "source_file": "Goad_1906_Sheet_31.geojson", "import_date": "2026-05-04", "group": "import_Goad_1906_Sheet_31_20260504", "floors": 0.1, "name": "Railway", "type": "railway", "length_m": 248.8, "rail_class": "siding", "switcher": false}, "geometry": {"type": "LineString", "coordinates": [[-97.14432125558284, 49.90904148001877], [-97.14150671462077, 49.90772588739233]]}, "_bbox": {"minLon": -97.14432125558284, "maxLon": -97.14150671462077, "minLat": 49.90772588739233, "maxLat": 49.90904148001877}}, {"type": "Feature", "properties": {"material": "blue", "fill_original": "#000000", "snapped": false, "area_m2": 1609.2, "id": 51, "source_file": "Goad_1906_Sheet_31.geojson", "import_date": "2026-05-04", "group": "import_Goad_1906_Sheet_31_20260504", "floors": 0.1, "name": "Railway", "type": "railway", "length_m": 273.0, "rail_class": "siding", "switcher": true}, "geometry": {"type": "LineString", "coordinates": [[-97.14429342716939, 49.90907357944917], [-97.14120614719373, 49.90762885175336]]}, "_bbox": {"minLon": -97.14429342716939, "maxLon": -97.14120614719373, "minLat": 49.90762885175336, "maxLat": 49.90907357944917}}, {"type": "Feature", "properties": {"material": "blue", "fill_original": "#000000", "snapped": false, "area_m2": 1609.2, "id": 52, "source_file": "Goad_1906_Sheet_31.geojson", "import_date": "2026-05-04", "group": "import_Goad_1906_Sheet_31_20260504", "floors": 0.1, "name": "Railway", "type": "railway", "length_m": 326.4, "rail_class": "siding", "switcher": false}, "geometry": {"type": "LineString", "coordinates": [[-97.14393249717598, 49.909052462334465], [-97.14023666269124, 49.90732886966297]]}, "_bbox": {"minLon": -97.14393249717598, "maxLon": -97.14023666269124, "minLat": 49.90732886966297, "maxLat": 49.909052462334465}}, {"type": "Feature", "properties": {"material": "blue", "fill_original": "#000000", "snapped": false, "area_m2": 1609.2, "id": 53, "source_file": "Goad_1906_Sheet_31.geojson", "import_date": "2026-05-04", "group": "import_Goad_1906_Sheet_31_20260504", "floors": 0.1, "name": "Railway", "type": "railway", "length_m": 324.8, "rail_class": "siding", "switcher": false}, "geometry": {"type": "LineString", "coordinates": [[-97.14424690965532, 49.909148969185395], [-97.14056822191466, 49.90743500937614]]}, "_bbox": {"minLon": -97.14424690965532, "maxLon": -97.14056822191466, "minLat": 49.90743500937614, "maxLat": 49.909148969185395}}, {"type": "Feature", "properties": {"material": "blue", "fill_original": "#000000", "snapped": false, "area_m2": 1609.2, "id": 54, "source_file": "Goad_1906_Sheet_31.geojson", "import_date": "2026-05-04", "group": "import_Goad_1906_Sheet_31_20260504", "floors": 0.1, "name": "Railway", "type": "railway", "length_m": 301.2, "rail_class": "siding", "switcher": false}, "geometry": {"type": "LineString", "coordinates": [[-97.14427043464308, 49.909113248790014], [-97.14085358561114, 49.90752755593021]]}, "_bbox": {"minLon": -97.14427043464308, "maxLon": -97.14085358561114, "minLat": 49.90752755593021, "maxLat": 49.909113248790014}}, {"type": "Feature", "properties": {"material": "blue", "fill_original": "#000000", "snapped": false, "area_m2": 1609.2, "id": 55, "source_file": "Goad_1906_Sheet_31.geojson", "import_date": "2026-05-04", "group": "import_Goad_1906_Sheet_31_20260504", "floors": 0.1, "name": "Railway", "type": "railway", "length_m": 107.1, "rail_class": "siding", "switcher": false}, "geometry": {"type": "LineString", "coordinates": [[-97.13889774693463, 49.90696527773888], [-97.13910871178814, 49.90705036047543], [-97.14021944395105, 49.90741481599191]]}, "_bbox": {"minLon": -97.14021944395105, "maxLon": -97.13889774693463, "minLat": 49.90696527773888, "maxLat": 49.90741481599191}}, {"type": "Feature", "properties": {"material": "blue", "fill_original": "#000000", "snapped": false, "area_m2": 1609.2, "id": 56, "source_file": "Goad_1906_Sheet_31.geojson", "import_date": "2026-05-04", "group": "import_Goad_1906_Sheet_31_20260504", "floors": 0.1, "name": "Railway", "type": "railway", "length_m": 338.7, "rail_class": "siding", "switcher": false}, "geometry": {"type": "LineString", "coordinates": [[-97.14375397678597, 49.909000100590966], [-97.13990593266064, 49.9072232030425]]}, "_bbox": {"minLon": -97.14375397678597, "maxLon": -97.13990593266064, "minLat": 49.9072232030425, "maxLat": 49.909000100590966}}, {"type": "Feature", "properties": {"material": "blue", "fill_original": "#000000", "snapped": false, "area_m2": 1609.2, "id": 57, "source_file": "Goad_1906_Sheet_31.geojson", "import_date": "2026-05-04", "group": "import_Goad_1906_Sheet_31_20260504", "floors": 0.1, "name": "Railway", "type": "railway", "length_m": 620.2, "rail_class": "through"}, "geometry": {"type": "LineString", "coordinates": [[-97.14342230748186, 49.90889165008687], [-97.13955274263873, 49.90710842350536], [-97.13875051363189, 49.90673232658856], [-97.13810846026979, 49.906423592191665], [-97.13772162196125, 49.90627205550541], [-97.13623160439455, 49.90579379511855]]}, "_bbox": {"minLon": -97.14342230748186, "maxLon": -97.13623160439455, "minLat": 49.90579379511855, "maxLat": 49.90889165008687}}, {"type": "Feature", "properties": {"material": "blue", "fill_original": "#000000", "snapped": false, "area_m2": 1609.2, "id": 59, "source_file": "Goad_1906_Sheet_31.geojson", "import_date": "2026-05-04", "group": "import_Goad_1906_Sheet_31_20260504", "floors": 0.1, "name": "Railway", "type": "railway", "length_m": 710.7, "rail_class": "through"}, "geometry": {"type": "LineString", "coordinates": [[-97.14655183965044, 49.91007202743182], [-97.13766083472194, 49.90723022529865]]}, "_bbox": {"minLon": -97.14655183965044, "maxLon": -97.13766083472194, "minLat": 49.90723022529865, "maxLat": 49.91007202743182}}, {"type": "Feature", "properties": {"material": "blue", "fill_original": "#000000", "snapped": false, "area_m2": 1609.2, "id": 60, "source_file": "Goad_1906_Sheet_31.geojson", "import_date": "2026-05-04", "group": "import_Goad_1906_Sheet_31_20260504", "floors": 0.1, "name": "Railway", "type": "railway", "length_m": 1228.8, "rail_class": "through"}, "geometry": {"type": "LineString", "coordinates": [[-97.15330812294438, 49.91279511173871], [-97.15156530445444, 49.912241678334574], [-97.1489249293402, 49.91106970964626], [-97.14635148181269, 49.91024636236261], [-97.13816495949006, 49.90762717124063]]}, "_bbox": {"minLon": -97.15330812294438, "maxLon": -97.13816495949006, "minLat": 49.90762717124063, "maxLat": 49.91279511173871}}, {"type": "Feature", "properties": {"material": "blue", "fill_original": "#000000", "snapped": false, "area_m2": 1609.2, "id": 62, "source_file": "Goad_1906_Sheet_31.geojson", "import_date": "2026-05-04", "group": "import_Goad_1906_Sheet_31_20260504", "floors": 0.1, "name": "Railway", "type": "railway", "length_m": 599.8, "rail_class": "through"}, "geometry": {"type": "LineString", "coordinates": [[-97.14104692607681, 49.90851448633949], [-97.1485455545501, 49.91091873056478]]}, "_bbox": {"minLon": -97.1485455545501, "maxLon": -97.14104692607681, "minLat": 49.90851448633949, "maxLat": 49.91091873056478}}, {"type": "Feature", "properties": {"material": "blue", "fill_original": "#000000", "snapped": false, "area_m2": 1609.2, "id": 64, "source_file": "Goad_1906_Sheet_31.geojson", "import_date": "2026-05-04", "group": "import_Goad_1906_Sheet_31_20260504", "floors": 0.1, "name": "Railway", "type": "railway", "length_m": 461.5, "rail_class": "siding", "switcher": false}, "geometry": {"type": "LineString", "coordinates": [[-97.14724753874611, 49.910382874699295], [-97.14144916637638, 49.908570931750894]]}, "_bbox": {"minLon": -97.14724753874611, "maxLon": -97.14144916637638, "minLat": 49.908570931750894, "maxLat": 49.910382874699295}}, {"type": "Feature", "properties": {"material": "blue", "fill_original": "#000000", "snapped": false, "area_m2": 1609.2, "id": 66, "source_file": "Goad_1906_Sheet_31.geojson", "import_date": "2026-05-04", "group": "import_Goad_1906_Sheet_31_20260504", "floors": 0.1, "name": "Railway", "type": "railway", "length_m": 295.9, "rail_class": "siding", "switcher": false}, "geometry": {"type": "LineString", "coordinates": [[-97.14425500731797, 49.90915378214818], [-97.14054509903487, 49.90798222637778]]}, "_bbox": {"minLon": -97.14425500731797, "maxLon": -97.14054509903487, "minLat": 49.90798222637778, "maxLat": 49.90915378214818}}, {"type": "Feature", "properties": {"material": "blue", "fill_original": "#000000", "snapped": false, "area_m2": 1609.2, "id": 68, "source_file": "Goad_1906_Sheet_31.geojson", "import_date": "2026-05-04", "group": "import_Goad_1906_Sheet_31_20260504", "floors": 0.1, "name": "Railway", "type": "railway", "length_m": 288.9, "rail_class": "siding", "switcher": false}, "geometry": {"type": "LineString", "coordinates": [[-97.14122488467487, 49.90844223371556], [-97.14099257794031, 49.908344293207655], [-97.13763362040416, 49.90726081590309]]}, "_bbox": {"minLon": -97.14122488467487, "maxLon": -97.13763362040416, "minLat": 49.90726081590309, "maxLat": 49.90844223371556}}, {"type": "Feature", "properties": {"material": "blue", "fill_original": "#000000", "snapped": false, "area_m2": 1609.2, "id": 72, "source_file": "Goad_1906_Sheet_31.geojson", "import_date": "2026-05-04", "group": "import_Goad_1906_Sheet_31_20260504", "floors": 0.1, "name": "Railway", "type": "railway", "length_m": 142.6, "rail_class": "siding", "switcher": false}, "geometry": {"type": "LineString", "coordinates": [[-97.14308685534064, 49.90777338426742], [-97.14467401431712, 49.90855015824297]]}, "_bbox": {"minLon": -97.14467401431712, "maxLon": -97.14308685534064, "minLat": 49.90777338426742, "maxLat": 49.90855015824297}}, {"type": "Feature", "properties": {"material": "blue", "fill_original": "#000000", "snapped": false, "area_m2": 1609.2, "id": 73, "source_file": "Goad_1906_Sheet_31.geojson", "import_date": "2026-05-04", "group": "import_Goad_1906_Sheet_31_20260504", "floors": 0.1, "name": "Railway", "type": "railway", "length_m": 166.0, "rail_class": "siding", "switcher": true}, "geometry": {"type": "LineString", "coordinates": [[-97.14281730133601, 49.907687992495326], [-97.14466509110304, 49.908592334480794]]}, "_bbox": {"minLon": -97.14466509110304, "maxLon": -97.14281730133601, "minLat": 49.907687992495326, "maxLat": 49.908592334480794}}, {"type": "Feature", "properties": {"material": "blue", "fill_original": "#000000", "snapped": false, "area_m2": 1609.2, "id": 74, "source_file": "Goad_1906_Sheet_31.geojson", "import_date": "2026-05-04", "group": "import_Goad_1906_Sheet_31_20260504", "floors": 0.1, "name": "Railway", "type": "railway", "length_m": 93.2, "rail_class": "siding", "switcher": true}, "geometry": {"type": "LineString", "coordinates": [[-97.14370538258224, 49.907966185556205], [-97.14474282773534, 49.90847396445821]]}, "_bbox": {"minLon": -97.14474282773534, "maxLon": -97.14370538258224, "minLat": 49.907966185556205, "maxLat": 49.90847396445821}}, {"type": "Feature", "properties": {"material": "blue", "fill_original": "#000000", "snapped": false, "area_m2": 1609.2, "id": 75, "source_file": "Goad_1906_Sheet_31.geojson", "import_date": "2026-05-04", "group": "import_Goad_1906_Sheet_31_20260504", "floors": 0.1, "name": "Railway", "type": "railway", "length_m": 149.0, "rail_class": "siding", "switcher": false}, "geometry": {"type": "LineString", "coordinates": [[-97.14357086805218, 49.90821519163257], [-97.14191925985529, 49.90739690493395]]}, "_bbox": {"minLon": -97.14357086805218, "maxLon": -97.14191925985529, "minLat": 49.90739690493395, "maxLat": 49.90821519163257}}, {"type": "Feature", "properties": {"material": "blue", "fill_original": "#000000", "snapped": false, "area_m2": 1609.2, "id": 76, "source_file": "Goad_1906_Sheet_31.geojson", "import_date": "2026-05-04", "group": "import_Goad_1906_Sheet_31_20260504", "floors": 0.1, "name": "Railway", "type": "railway", "length_m": 144.0, "rail_class": "siding", "switcher": false}, "geometry": {"type": "LineString", "coordinates": [[-97.14379834898969, 49.90828926641377], [-97.14220511110018, 49.90749572952769]]}, "_bbox": {"minLon": -97.14379834898969, "maxLon": -97.14220511110018, "minLat": 49.90749572952769, "maxLat": 49.90828926641377}}, {"type": "Feature", "properties": {"material": "blue", "fill_original": "#000000", "snapped": false, "area_m2": 1609.2, "id": 77, "source_file": "Goad_1906_Sheet_31.geojson", "import_date": "2026-05-04", "group": "import_Goad_1906_Sheet_31_20260504", "floors": 0.1, "name": "Railway", "type": "railway", "length_m": 144.5, "rail_class": "siding", "switcher": false}, "geometry": {"type": "LineString", "coordinates": [[-97.142926099473, 49.908007412379824], [-97.1413282176656, 49.90721085063211]]}, "_bbox": {"minLon": -97.142926099473, "maxLon": -97.1413282176656, "minLat": 49.90721085063211, "maxLat": 49.908007412379824}}, {"type": "Feature", "properties": {"material": "blue", "fill_original": "#000000", "snapped": false, "area_m2": 1609.2, "id": 78, "source_file": "Goad_1906_Sheet_31.geojson", "import_date": "2026-05-04", "group": "import_Goad_1906_Sheet_31_20260504", "floors": 0.1, "name": "Railway", "type": "railway", "length_m": 146.0, "rail_class": "siding", "switcher": false}, "geometry": {"type": "LineString", "coordinates": [[-97.14105814451005, 49.907123978430306], [-97.14267302386746, 49.907927906126005]]}, "_bbox": {"minLon": -97.14267302386746, "maxLon": -97.14105814451005, "minLat": 49.907123978430306, "maxLat": 49.907927906126005}}, {"type": "Feature", "properties": {"material": "blue", "fill_original": "#000000", "snapped": false, "area_m2": 1609.2, "id": 79, "source_file": "Goad_1906_Sheet_31.geojson", "import_date": "2026-05-04", "group": "import_Goad_1906_Sheet_31_20260504", "floors": 0.1, "name": "Railway", "type": "railway", "length_m": 145.3, "rail_class": "siding", "switcher": true}, "geometry": {"type": "LineString", "coordinates": [[-97.14044592219466, 49.9069272899629], [-97.1420565636823, 49.90772554110679]]}, "_bbox": {"minLon": -97.1420565636823, "maxLon": -97.14044592219466, "minLat": 49.9069272899629, "maxLat": 49.90772554110679}}, {"type": "Feature", "properties": {"material": "blue", "fill_original": "#000000", "snapped": false, "area_m2": 1609.2, "id": 80, "source_file": "Goad_1906_Sheet_31.geojson", "import_date": "2026-05-04", "group": "import_Goad_1906_Sheet_31_20260504", "floors": 0.1, "name": "Railway", "type": "railway", "length_m": 142.7, "rail_class": "siding", "switcher": false}, "geometry": {"type": "LineString", "coordinates": [[-97.14178768423324, 49.90764193969962], [-97.14020526565653, 49.90685919338653]]}, "_bbox": {"minLon": -97.14178768423324, "maxLon": -97.14020526565653, "minLat": 49.90685919338653, "maxLat": 49.90764193969962}}, {"type": "Feature", "properties": {"material": "blue", "fill_original": "#000000", "snapped": false, "area_m2": 1609.2, "id": 81, "source_file": "Goad_1906_Sheet_31.geojson", "import_date": "2026-05-04", "group": "import_Goad_1906_Sheet_31_20260504", "floors": 0.1, "name": "Railway", "type": "railway", "length_m": 137.6, "rail_class": "siding", "switcher": true}, "geometry": {"type": "LineString", "coordinates": [[-97.139644667145, 49.90668307571033], [-97.14117013667723, 49.90743824309998]]}, "_bbox": {"minLon": -97.14117013667723, "maxLon": -97.139644667145, "minLat": 49.90668307571033, "maxLat": 49.90743824309998}}, {"type": "Feature", "properties": {"material": "blue", "fill_original": "#000000", "snapped": false, "area_m2": 1609.2, "id": 82, "source_file": "Goad_1906_Sheet_31.geojson", "import_date": "2026-05-04", "group": "import_Goad_1906_Sheet_31_20260504", "floors": 0.1, "name": "Railway", "type": "railway", "length_m": 72.9, "rail_class": "siding", "switcher": false}, "geometry": {"type": "LineString", "coordinates": [[-97.14037218405088, 49.9071793836391], [-97.13955516754237, 49.90678731686402]]}, "_bbox": {"minLon": -97.14037218405088, "maxLon": -97.13955516754237, "minLat": 49.90678731686402, "maxLat": 49.9071793836391}}, {"type": "Feature", "properties": {"material": "blue", "fill_original": "#000000", "snapped": false, "area_m2": 1609.2, "id": 83, "source_file": "Goad_1906_Sheet_31.geojson", "import_date": "2026-05-04", "group": "import_Goad_1906_Sheet_31_20260504", "floors": 0.1, "name": "Railway", "type": "railway", "length_m": 77.0, "rail_class": "siding", "switcher": true}, "geometry": {"type": "LineString", "coordinates": [[-97.1400519983392, 49.906929875642916], [-97.14090619955631, 49.9073523817371]]}, "_bbox": {"minLon": -97.14090619955631, "maxLon": -97.1400519983392, "minLat": 49.906929875642916, "maxLat": 49.9073523817371}}, {"type": "Feature", "properties": {"id": 91, "material": "blue", "snapped": false, "floors": 0.1, "name": "Railway", "group": "import_Goad_1906_Sheet_31_20260504", "source_file": "Goad_1906_Everything_wip_2026-05-10_1552.geojson", "import_date": "2026-05-11", "type": "railway", "length_m": 659.6, "rail_class": "through"}, "geometry": {"type": "LineString", "coordinates": [[-97.14005213498757, 49.90644022473693], [-97.14829654180275, 49.90908785262693]]}, "_bbox": {"minLon": -97.14829654180275, "maxLon": -97.14005213498757, "minLat": 49.90644022473693, "maxLat": 49.90908785262693}}, {"type": "Feature", "properties": {"id": 92, "material": "blue", "snapped": false, "floors": 0.1, "name": "Railway", "group": "import_Goad_1906_Sheet_31_20260504", "source_file": "Goad_1906_Everything_wip_2026-05-10_1552.geojson", "import_date": "2026-05-11", "type": "railway", "length_m": 635.4, "rail_class": "through"}, "geometry": {"type": "LineString", "coordinates": [[-97.14803011516001, 49.90894982894795], [-97.14007475709421, 49.90641742419474]]}, "_bbox": {"minLon": -97.14803011516001, "maxLon": -97.14007475709421, "minLat": 49.90641742419474, "maxLat": 49.90894982894795}}, {"type": "Feature", "properties": {"id": 94, "material": "blue", "snapped": false, "floors": 0.1, "name": "Railway", "group": "import_Goad_1906_Sheet_31_20260504", "source_file": "Goad_1906_Everything_wip_2026-05-10_1552.geojson", "import_date": "2026-05-11", "type": "railway", "length_m": 570.2, "rail_class": "through"}, "geometry": {"type": "LineString", "coordinates": [[-97.14010701754718, 49.906367744131096], [-97.14726669103722, 49.90861254526191]]}, "_bbox": {"minLon": -97.14726669103722, "maxLon": -97.14010701754718, "minLat": 49.906367744131096, "maxLat": 49.90861254526191}}, {"type": "Feature", "properties": {"id": 95, "material": "blue", "snapped": false, "floors": 0.1, "name": "Railway", "group": "import_Goad_1906_Sheet_31_20260504", "source_file": "Goad_1906_Everything_wip_2026-05-10_1552.geojson", "import_date": "2026-05-11", "type": "railway", "length_m": 556.6, "rail_class": "through"}, "geometry": {"type": "LineString", "coordinates": [[-97.14712015497147, 49.90853257792024], [-97.14013734410706, 49.906332410268014]]}, "_bbox": {"minLon": -97.14712015497147, "maxLon": -97.14013734410706, "minLat": 49.906332410268014, "maxLat": 49.90853257792024}}, {"type": "Feature", "properties": {"id": 96, "material": "blue", "snapped": false, "floors": 0.1, "name": "Railway", "group": "import_Goad_1906_Sheet_31_20260504", "source_file": "Goad_1906_Everything_wip_2026-05-10_1552.geojson", "import_date": "2026-05-11", "type": "railway", "length_m": 538.3, "rail_class": "through"}, "geometry": {"type": "LineString", "coordinates": [[-97.14691566599319, 49.90842083487478], [-97.14016963995493, 49.90628504190136]]}, "_bbox": {"minLon": -97.14691566599319, "maxLon": -97.14016963995493, "minLat": 49.90628504190136, "maxLat": 49.90842083487478}}, {"type": "Feature", "properties": {"id": 97, "material": "blue", "snapped": false, "floors": 0.1, "name": "Railway", "group": "import_Goad_1906_Sheet_31_20260504", "source_file": "Goad_1906_Everything_wip_2026-05-10_1552.geojson", "import_date": "2026-05-11", "type": "railway", "length_m": 524.2, "rail_class": "through"}, "geometry": {"type": "LineString", "coordinates": [[-97.14019363391178, 49.90625807118511], [-97.1467608750981, 49.908340885687416]]}, "_bbox": {"minLon": -97.1467608750981, "maxLon": -97.14019363391178, "minLat": 49.90625807118511, "maxLat": 49.908340885687416}}, {"type": "Feature", "properties": {"id": 106, "material": "blue", "snapped": false, "floors": 0.1, "name": "Railway Siding", "source_file": "Goad_1906_Everything_wip_2026-05-05_1718.json", "import_date": "2026-05-05", "group": "import_Goad_1906_Everything_wip_2026-05-05_1718_20260505", "type": "railway", "length_m": 224.1, "rail_class": "siding", "switcher": false}, "geometry": {"type": "LineString", "coordinates": [[-97.13643688376997, 49.90481228279466], [-97.13570907204019, 49.90453659815781], [-97.13562629567079, 49.90447989849412], [-97.13553834579201, 49.90436824124772], [-97.1355309181385, 49.904300817172384], [-97.13560017244467, 49.904137864215535], [-97.13628475635706, 49.90319722068938]]}, "_bbox": {"minLon": -97.13643688376997, "maxLon": -97.1355309181385, "minLat": 49.90319722068938, "maxLat": 49.90481228279466}}, {"type": "Feature", "properties": {"id": 110, "material": "blue", "snapped": false, "floors": 0.1, "name": "Railway Siding", "source_file": "Goad_1906_Sheet_34_Fin_2026-05-05_0144.geojson", "import_date": "2026-05-05", "group": "import_Goad_1906_Sheet_34_Fin_2026-05-05_0144_20260505", "type": "railway", "length_m": 59.5, "rail_class": "siding", "switcher": false}, "geometry": {"type": "LineString", "coordinates": [[-97.11975144140007, 49.90212902572433], [-97.11987982008687, 49.901920206192536], [-97.12000866109426, 49.90161802767702]]}, "_bbox": {"minLon": -97.12000866109426, "maxLon": -97.11975144140007, "minLat": 49.90161802767702, "maxLat": 49.90212902572433}}, {"type": "Feature", "properties": {"id": 111, "material": "blue", "snapped": false, "floors": 0.1, "name": "Railway Siding", "source_file": "Goad_1906_Sheet_34_Fin_2026-05-05_0144.geojson", "import_date": "2026-05-05", "group": "import_Goad_1906_Sheet_34_Fin_2026-05-05_0144_20260505", "type": "railway", "length_m": 61.4, "rail_class": "siding", "switcher": false}, "geometry": {"type": "LineString", "coordinates": [[-97.1197877330405, 49.9033706478984], [-97.1196545504004, 49.90332561644803], [-97.11952347968167, 49.90321335297423], [-97.11946982574479, 49.90310072393392], [-97.1194738059293, 49.90290116640203]]}, "_bbox": {"minLon": -97.1197877330405, "maxLon": -97.11946982574479, "minLat": 49.90290116640203, "maxLat": 49.9033706478984}}, {"type": "Feature", "properties": {"id": 112, "material": "blue", "snapped": false, "floors": 0.1, "name": "Railway Siding", "source_file": "Goad_1906_Sheet_34_Fin_2026-05-05_0144.geojson", "import_date": "2026-05-05", "group": "import_Goad_1906_Sheet_34_Fin_2026-05-05_0144_20260505", "type": "railway", "length_m": 185.4, "rail_class": "siding", "switcher": true}, "geometry": {"type": "LineString", "coordinates": [[-97.11934112715403, 49.903240669832876], [-97.11994297759112, 49.901609107229504]]}, "_bbox": {"minLon": -97.11994297759112, "maxLon": -97.11934112715403, "minLat": 49.901609107229504, "maxLat": 49.903240669832876}}, {"type": "Feature", "properties": {"id": 113, "material": "blue", "snapped": false, "floors": 0.1, "name": "Railway Siding", "source_file": "Goad_1906_Sheet_34_Fin_2026-05-05_0144.geojson", "import_date": "2026-05-05", "group": "import_Goad_1906_Sheet_34_Fin_2026-05-05_0144_20260505", "type": "railway", "length_m": 132.4, "rail_class": "siding", "switcher": false}, "geometry": {"type": "LineString", "coordinates": [[-97.12083358477079, 49.90351700868096], [-97.120729577053, 49.903484456970794], [-97.12065967407761, 49.903459496651294], [-97.12055055085645, 49.90339100344245], [-97.12046642486665, 49.90331531758075], [-97.12037224302858, 49.90320079314241], [-97.12034050157781, 49.903075294769636], [-97.12035471078204, 49.90293318909247], [-97.12052290001105, 49.90246609185227]]}, "_bbox": {"minLon": -97.12083358477079, "maxLon": -97.12034050157781, "minLat": 49.90246609185227, "maxLat": 49.90351700868096}}, {"type": "Feature", "properties": {"id": 114, "material": "blue", "snapped": false, "floors": 0.1, "name": "Railway Siding", "source_file": "Goad_1906_Everything_wip_2026-05-04_1721.geojson", "import_date": "2026-05-05", "group": "import_Goad_1906_Everything_wip_2026-05-04_1721_20260505", "type": "railway", "length_m": 454.6, "rail_class": "siding", "switcher": false}, "geometry": {"type": "LineString", "coordinates": [[-97.12844200664011, 49.901130600362656], [-97.12802127524624, 49.90138869465236], [-97.1278334587614, 49.90154965281417], [-97.12765739983494, 49.90177794626486], [-97.12706711289347, 49.90335556009088], [-97.12688927944707, 49.9035650508324], [-97.12674718523972, 49.90366734902141], [-97.12591241308472, 49.90404838545642], [-97.12544139223755, 49.90414956016255], [-97.12520362051646, 49.904178131531104], [-97.12499054665832, 49.90416415705912]]}, "_bbox": {"minLon": -97.12844200664011, "maxLon": -97.12499054665832, "minLat": 49.901130600362656, "maxLat": 49.904178131531104}}, {"type": "Feature", "properties": {"material": "blue", "fill_original": "#000000", "snapped": false, "area_m2": 120.4, "id": 115, "source_file": "Goad_1906_Sheet_31.geojson", "import_date": "2026-05-04", "group": "import_Goad_1906_Sheet_31_20260504", "floors": 0.1, "name": "Railway Siding", "type": "railway", "length_m": 94.9, "rail_class": "siding", "switcher": false}, "geometry": {"type": "LineString", "coordinates": [[-97.12664344908146, 49.901878145084716], [-97.12702470700847, 49.90190862810648], [-97.12737573151587, 49.9018491614103], [-97.12759240095691, 49.90174915210613], [-97.1277816945335, 49.90158883723681]]}, "_bbox": {"minLon": -97.1277816945335, "maxLon": -97.12664344908146, "minLat": 49.90158883723681, "maxLat": 49.90190862810648}}, {"type": "Feature", "properties": {"material": "blue", "fill_original": "#000000", "snapped": false, "area_m2": 216.6, "id": 116, "source_file": "Goad_1906_Sheet_31.geojson", "import_date": "2026-05-04", "group": "import_Goad_1906_Sheet_31_20260504", "floors": 0.1, "name": "Railway Siding", "type": "railway", "length_m": 75.5, "rail_class": "siding", "switcher": false}, "geometry": {"type": "LineString", "coordinates": [[-97.12812268694198, 49.90137843267581], [-97.12894187963285, 49.90094914270205]]}, "_bbox": {"minLon": -97.12894187963285, "maxLon": -97.12812268694198, "minLat": 49.90094914270205, "maxLat": 49.90137843267581}}, {"type": "Feature", "properties": {"id": 117, "material": "blue", "snapped": false, "floors": 0.1, "name": "Railway Siding", "source_file": "Goad_1906_Everything_wip_2026-05-04_1721.geojson", "import_date": "2026-05-05", "group": "import_Goad_1906_Everything_wip_2026-05-04_1721_20260505", "type": "railway", "length_m": 203.0, "rail_class": "siding", "switcher": true}, "geometry": {"type": "LineString", "coordinates": [[-97.12792992810748, 49.901484401702206], [-97.1276787530684, 49.90185705591308], [-97.127306506367, 49.90285227102574], [-97.12711690651325, 49.90323898309962]]}, "_bbox": {"minLon": -97.12792992810748, "maxLon": -97.12711690651325, "minLat": 49.901484401702206, "maxLat": 49.90323898309962}}, {"type": "Feature", "properties": {"id": 118, "material": "blue", "snapped": false, "floors": 0.1, "name": "Railway Siding", "source_file": "Goad_1906_Everything_wip_2026-05-04_1721.geojson", "import_date": "2026-05-05", "group": "import_Goad_1906_Everything_wip_2026-05-04_1721_20260505", "type": "railway", "length_m": 193.7, "rail_class": "siding", "switcher": false}, "geometry": {"type": "LineString", "coordinates": [[-97.12768470290608, 49.90188683480676], [-97.12755350086869, 49.90233699064373], [-97.12704998458798, 49.9035897411506]]}, "_bbox": {"minLon": -97.12768470290608, "maxLon": -97.12704998458798, "minLat": 49.90188683480676, "maxLat": 49.9035897411506}}, {"type": "Feature", "properties": {"material": "blue", "fill_original": "#000000", "snapped": false, "area_m2": 1609.2, "id": 119, "source_file": "Goad_1906_Sheet_31.geojson", "import_date": "2026-05-04", "group": "import_Goad_1906_Sheet_31_20260504", "floors": 0.1, "name": "Railway", "type": "railway", "length_m": 546.2, "rail_class": "through"}, "geometry": {"type": "LineString", "coordinates": [[-97.13218548526527, 49.9054353572669], [-97.12737512477543, 49.90474178356628], [-97.12659705664052, 49.90458378223528], [-97.12477201504275, 49.904305532122294]]}, "_bbox": {"minLon": -97.13218548526527, "maxLon": -97.12477201504275, "minLat": 49.904305532122294, "maxLat": 49.9054353572669}}, {"type": "Feature", "properties": {"material": "blue", "fill_original": "#000000", "snapped": false, "area_m2": 1609.2, "id": 120, "source_file": "Goad_1906_Sheet_31.geojson", "import_date": "2026-05-04", "type": "railway", "length_m": 272.1, "rail_class": "siding", "switcher": false}, "geometry": {"type": "LineString", "coordinates": [[-97.12287260060401, 49.904115583973635], [-97.12307149569385, 49.90407373477285], [-97.1233616238985, 49.904050983624465], [-97.12381614471059, 49.904071695059], [-97.12418218230128, 49.90412164449661], [-97.12432841222676, 49.90415298997426], [-97.12451656430652, 49.90420403937146], [-97.12466104483919, 49.90425920537416], [-97.12483823013775, 49.90436093796529], [-97.12506506062434, 49.904507403818265], [-97.12595781853145, 49.905191819740274]]}, "_bbox": {"minLon": -97.12595781853145, "maxLon": -97.12287260060401, "minLat": 49.904050983624465, "maxLat": 49.905191819740274}}, {"type": "Feature", "properties": {"material": "blue", "fill_original": "#000000", "snapped": false, "area_m2": 25.1, "id": 121, "source_file": "sheet6_buildings.geojson", "import_date": "2026-04-02", "group": "import_sheet6_buildings_20260402", "born": "1905-08-01", "died": "1907-02-01", "source_sheet": "Goad 1906", "floors": 0, "name": "Railyard Siding", "type": "railway", "length_m": 79.7, "rail_class": "siding", "switcher": false}, "geometry": {"type": "LineString", "coordinates": [[-97.13680641904368, 49.898263511945125], [-97.13644955385111, 49.89817597793857], [-97.13579776807921, 49.89796271923299]]}, "_bbox": {"minLon": -97.13680641904368, "maxLon": -97.13579776807921, "minLat": 49.89796271923299, "maxLat": 49.898263511945125}}, {"type": "Feature", "properties": {"material": "blue", "fill_original": "#000000", "snapped": false, "area_m2": 25, "id": 122, "source_file": "sheet6_buildings.geojson", "import_date": "2026-04-02", "group": "import_sheet6_buildings_20260402", "born": "1905-08-01", "died": "1907-02-01", "source_sheet": "Goad 1906", "floors": 0, "name": "Railyard Siding", "type": "railway", "length_m": 79.2, "rail_class": "siding", "switcher": false}, "geometry": {"type": "LineString", "coordinates": [[-97.13580392873897, 49.897951595564216], [-97.13683053048793, 49.89821594245137]]}, "_bbox": {"minLon": -97.13683053048793, "maxLon": -97.13580392873897, "minLat": 49.897951595564216, "maxLat": 49.89821594245137}}, {"type": "Feature", "properties": {"material": "blue", "fill_original": "#000000", "snapped": false, "area_m2": 32.3, "id": 123, "source_file": "sheet6_buildings.geojson", "import_date": "2026-04-02", "group": "import_sheet6_buildings_20260402", "born": "1905-08-01", "died": "1907-02-01", "source_sheet": "Goad 1906", "floors": 0, "name": "Railyard Siding", "type": "railway", "length_m": 54.3, "rail_class": "siding", "switcher": false}, "geometry": {"type": "LineString", "coordinates": [[-97.13384468935759, 49.89824111441923], [-97.13406751441003, 49.89837599085905], [-97.13446485233398, 49.89851612378779]]}, "_bbox": {"minLon": -97.13446485233398, "maxLon": -97.13384468935759, "minLat": 49.89824111441923, "maxLat": 49.89851612378779}}, {"type": "Feature", "properties": {"material": "blue", "fill_original": "#000000", "snapped": false, "area_m2": 74.2, "id": 124, "source_file": "sheet6_buildings.geojson", "import_date": "2026-04-02", "group": "import_sheet6_buildings_20260402", "born": "1905-08-01", "died": "1907-02-01", "source_sheet": "Goad 1906", "floors": 0, "name": "Railwsy Siding", "type": "railway", "length_m": 189.3, "rail_class": "siding", "switcher": false}, "geometry": {"type": "LineString", "coordinates": [[-97.13386656835208, 49.89689724778309], [-97.13407040964441, 49.897211698784574], [-97.13440435966618, 49.89743144984896], [-97.1347437408008, 49.897593860652776], [-97.13581810370525, 49.8979636656556]]}, "_bbox": {"minLon": -97.13581810370525, "maxLon": -97.13386656835208, "minLat": 49.89689724778309, "maxLat": 49.8979636656556}}, {"type": "Feature", "properties": {"material": "blue", "fill_original": "#000000", "snapped": false, "area_m2": 87.6, "id": 125, "source_file": "sheet6_buildings.geojson", "import_date": "2026-04-02", "group": "import_sheet6_buildings_20260402", "born": "1905-08-01", "died": "1907-02-01", "source_sheet": "Goad 1906", "floors": 0, "name": "Railyard Siding", "type": "railway", "length_m": 279.3, "rail_class": "siding", "switcher": false}, "geometry": {"type": "LineString", "coordinates": [[-97.13684419786152, 49.89818484883451], [-97.13636463868649, 49.89806230909739], [-97.13483835507098, 49.89755146434434], [-97.13442343467162, 49.89738794056338], [-97.13423448924243, 49.8972770050208], [-97.13408254221685, 49.89713873797234], [-97.13381603168504, 49.89674737627422]]}, "_bbox": {"minLon": -97.13684419786152, "maxLon": -97.13381603168504, "minLat": 49.89674737627422, "maxLat": 49.89818484883451}}, {"type": "Feature", "properties": {"material": "blue", "fill_original": "#000000", "snapped": false, "area_m2": 39.3, "id": 126, "source_file": "sheet6_buildings.geojson", "import_date": "2026-04-02", "group": "import_sheet6_buildings_20260402", "born": "1905-08-01", "died": "1907-02-01", "source_sheet": "Goad 1906", "floors": 0, "name": "Railwsy Siding", "type": "railway", "length_m": 124.0, "rail_class": "siding", "switcher": true}, "geometry": {"type": "LineString", "coordinates": [[-97.13378207220497, 49.89674576572111], [-97.13380278379134, 49.89693292400182], [-97.1337779556536, 49.89754864224684], [-97.13369593144441, 49.89786220732468]]}, "_bbox": {"minLon": -97.13380278379134, "maxLon": -97.13369593144441, "minLat": 49.89674576572111, "maxLat": 49.89786220732468}}, {"type": "Feature", "properties": {"material": "blue", "fill_original": "#000000", "snapped": false, "area_m2": 92.1, "id": 127, "source_file": "sheet6_buildings.geojson", "import_date": "2026-04-02", "group": "import_sheet6_buildings_20260402", "born": "1905-08-01", "died": "1907-02-01", "source_sheet": "Goad 1906", "floors": 0, "name": "Winnipeg Transfer Railway", "type": "railway", "length_m": 669.6, "rail_class": "through"}, "geometry": {"type": "LineString", "coordinates": [[-97.13370681693283, 49.896675934760445], [-97.13370760725144, 49.89754730820046], [-97.13360663996878, 49.89790361122585], [-97.133331521162, 49.898325123305185], [-97.13249128539944, 49.89934501035707], [-97.1323216665991, 49.89950798566971], [-97.13173466648844, 49.8999203279772], [-97.13131636818812, 49.9001568673221], [-97.13088058927391, 49.90036399591776], [-97.130028375637, 49.90063648936253], [-97.12923823959176, 49.90082376308567], [-97.12847408921253, 49.901124259026666]]}, "_bbox": {"minLon": -97.13370760725144, "maxLon": -97.12847408921253, "minLat": 49.896675934760445, "maxLat": 49.901124259026666}}, {"type": "Feature", "properties": {"material": "blue", "fill_original": "#000000", "snapped": false, "area_m2": 35.5, "id": 128, "source_file": "sheet6_buildings.geojson", "import_date": "2026-04-02", "group": "import_sheet6_buildings_20260402", "born": "1905-08-01", "died": "1907-02-01", "source_sheet": "Goad 1906", "floors": 0, "name": "Railwsy Siding", "type": "railway", "length_m": 112.1, "rail_class": "siding", "switcher": false}, "geometry": {"type": "LineString", "coordinates": [[-97.13367970470074, 49.89665353338785], [-97.13369084538319, 49.89690237851326], [-97.13361842560703, 49.89766592764039]]}, "_bbox": {"minLon": -97.13369084538319, "maxLon": -97.13361842560703, "minLat": 49.89665353338785, "maxLat": 49.89766592764039}}, {"type": "Feature", "properties": {"id": 129, "material": "blue", "snapped": false, "floors": 0, "name": "Railyard Siding", "source_file": "Goad_1906_Everything_20260421.geojson", "import_date": "2026-04-26", "group": "import_Goad_1906_Everything_20260421_20260426", "type": "railway", "length_m": 85.9, "rail_class": "siding", "switcher": false}, "geometry": {"type": "LineString", "coordinates": [[-97.13798735400435, 49.89846249677248], [-97.13686359785939, 49.89819336211622]]}, "_bbox": {"minLon": -97.13798735400435, "maxLon": -97.13686359785939, "minLat": 49.89819336211622, "maxLat": 49.89846249677248}}, {"type": "Feature", "properties": {"id": 130, "material": "blue", "snapped": false, "floors": 0, "name": "Railyard Siding", "source_file": "Goad_1906_Everything_20260421.geojson", "import_date": "2026-04-26", "group": "import_Goad_1906_Everything_20260421_20260426", "type": "railway", "length_m": 86.0, "rail_class": "siding", "switcher": false}, "geometry": {"type": "LineString", "coordinates": [[-97.13797094300845, 49.89849261046025], [-97.13684555454952, 49.898223829265625]]}, "_bbox": {"minLon": -97.13797094300845, "maxLon": -97.13684555454952, "minLat": 49.898223829265625, "maxLat": 49.89849261046025}}, {"type": "Feature", "properties": {"id": 131, "material": "blue", "snapped": false, "floors": 0, "name": "Railyard Siding", "source_file": "Goad_1906_Everything_20260421.geojson", "import_date": "2026-04-26", "group": "import_Goad_1906_Everything_20260421_20260426", "type": "railway", "length_m": 82.0, "rail_class": "siding", "switcher": true}, "geometry": {"type": "LineString", "coordinates": [[-97.13789430110494, 49.8985273903344], [-97.13682098395388, 49.898270641719634]]}, "_bbox": {"minLon": -97.13789430110494, "maxLon": -97.13682098395388, "minLat": 49.898270641719634, "maxLat": 49.8985273903344}}, {"type": "Feature", "properties": {"id": 132, "material": "blue", "snapped": false, "floors": 0, "name": "Railyard Siding", "source_file": "Goad_1906_Everything_20260421.geojson", "import_date": "2026-04-26", "group": "import_Goad_1906_Everything_20260421_20260426", "type": "railway", "length_m": 29.0, "rail_class": "siding", "switcher": false}, "geometry": {"type": "LineString", "coordinates": [[-97.13790982471838, 49.89853316909387], [-97.1382671965171, 49.89865628158519]]}, "_bbox": {"minLon": -97.1382671965171, "maxLon": -97.13790982471838, "minLat": 49.89853316909387, "maxLat": 49.89865628158519}}, {"type": "Feature", "properties": {"id": 133, "material": "blue", "snapped": false, "floors": 0, "name": "Railway Siding", "source_file": "Goad_1906_Everything_20260421.geojson", "import_date": "2026-04-26", "group": "import_Goad_1906_Everything_20260421_20260426", "type": "railway", "length_m": 100.0, "rail_class": "siding", "switcher": false}, "geometry": {"type": "LineString", "coordinates": [[-97.13547568042554, 49.894291268248], [-97.13672408727568, 49.89469527945635]]}, "_bbox": {"minLon": -97.13672408727568, "maxLon": -97.13547568042554, "minLat": 49.894291268248, "maxLat": 49.89469527945635}}, {"type": "Feature", "properties": {"id": 134, "material": "blue", "snapped": false, "floors": 0, "name": "Railwsy Siding", "source_file": "Goad_1906_Everything_20260421.geojson", "import_date": "2026-04-26", "group": "import_Goad_1906_Everything_20260421_20260426", "type": "railway", "length_m": 99.1, "rail_class": "siding", "switcher": false}, "geometry": {"type": "LineString", "coordinates": [[-97.13451817586375, 49.89618413645015], [-97.13387370199217, 49.89603009450988], [-97.13357184720972, 49.89588203141938], [-97.13338706139399, 49.89571496680198]]}, "_bbox": {"minLon": -97.13451817586375, "maxLon": -97.13338706139399, "minLat": 49.89571496680198, "maxLat": 49.89618413645015}}, {"type": "Feature", "properties": {"id": 135, "material": "blue", "snapped": false, "floors": 0, "name": "Railwsy Siding", "source_file": "Goad_1906_Everything_20260421.geojson", "import_date": "2026-04-26", "group": "import_Goad_1906_Everything_20260421_20260426", "type": "railway", "length_m": 172.7, "rail_class": "siding", "switcher": true}, "geometry": {"type": "LineString", "coordinates": [[-97.1330065401431, 49.89473381734962], [-97.13336761618348, 49.8948739600054], [-97.1352402553558, 49.89530608831732]]}, "_bbox": {"minLon": -97.1352402553558, "maxLon": -97.1330065401431, "minLat": 49.89473381734962, "maxLat": 49.89530608831732}}, {"type": "Feature", "properties": {"id": 136, "material": "blue", "snapped": false, "floors": 0, "name": "Railwsy Siding", "source_file": "Goad_1906_Everything_20260421.geojson", "import_date": "2026-04-26", "group": "import_Goad_1906_Everything_20260421_20260426", "type": "railway", "length_m": 167.7, "rail_class": "siding", "switcher": false}, "geometry": {"type": "LineString", "coordinates": [[-97.13525488611012, 49.895308036497426], [-97.13578294046481, 49.89536413412065], [-97.13748770418835, 49.89574765345275]]}, "_bbox": {"minLon": -97.13748770418835, "maxLon": -97.13525488611012, "minLat": 49.895308036497426, "maxLat": 49.89574765345275}}, {"type": "Feature", "properties": {"id": 137, "material": "blue", "snapped": false, "floors": 0, "name": "Railwsy Siding", "source_file": "Goad_1906_Everything_20260421.geojson", "import_date": "2026-04-26", "group": "import_Goad_1906_Everything_20260421_20260426", "type": "railway", "length_m": 217.3, "rail_class": "siding", "switcher": false}, "geometry": {"type": "LineString", "coordinates": [[-97.13379988439839, 49.896794665586974], [-97.13371104883485, 49.896335634666464], [-97.1335823041959, 49.896048305338326], [-97.1332298022087, 49.89554073468634], [-97.13272439543076, 49.89498238281218]]}, "_bbox": {"minLon": -97.13379988439839, "maxLon": -97.13272439543076, "minLat": 49.89498238281218, "maxLat": 49.896794665586974}}, {"type": "Feature", "properties": {"id": 138, "material": "blue", "snapped": false, "floors": 0, "name": "Railwsy Siding", "source_file": "Goad_1906_Everything_20260421.geojson", "import_date": "2026-04-26", "group": "import_Goad_1906_Everything_20260421_20260426", "type": "railway", "length_m": 73.6, "rail_class": "siding", "switcher": true}, "geometry": {"type": "LineString", "coordinates": [[-97.13321871768363, 49.89550257578094], [-97.13344980498476, 49.89568744739518], [-97.13373370140788, 49.89585333626063], [-97.13399041008432, 49.89592081955806]]}, "_bbox": {"minLon": -97.13399041008432, "maxLon": -97.13321871768363, "minLat": 49.89550257578094, "maxLat": 49.89592081955806}}, {"type": "Feature", "properties": {"id": 139, "material": "blue", "snapped": false, "floors": 0.1, "name": "Railway Siding", "source_file": "Goad_1906_Everthing_So_Far_2026-04-30_1830.json", "import_date": "2026-05-01", "group": "import_Goad_1906_Everthing_So_Far_2026-04-30_1830_20260501", "type": "railway", "length_m": 155.3, "rail_class": "siding", "switcher": false}, "geometry": {"type": "LineString", "coordinates": [[-97.14210090713799, 49.89929636975546], [-97.14307312028087, 49.8980411969449]]}, "_bbox": {"minLon": -97.14307312028087, "maxLon": -97.14210090713799, "minLat": 49.8980411969449, "maxLat": 49.89929636975546}}, {"type": "Feature", "properties": {"id": 140, "material": "blue", "snapped": false, "floors": 0.1, "name": "Railway Siding", "source_file": "Goad_1906_Everthing_So_Far_2026-04-30_1830.json", "import_date": "2026-05-01", "group": "import_Goad_1906_Everthing_So_Far_2026-04-30_1830_20260501", "type": "railway", "length_m": 198.4, "rail_class": "siding", "switcher": true}, "geometry": {"type": "LineString", "coordinates": [[-97.14311585024214, 49.89805481424044], [-97.14213233300006, 49.899324436981296], [-97.1419893320612, 49.89968650693566]]}, "_bbox": {"minLon": -97.14311585024214, "maxLon": -97.1419893320612, "minLat": 49.89805481424044, "maxLat": 49.89968650693566}}, {"type": "Feature", "properties": {"id": 141, "material": "blue", "snapped": false, "floors": 0.1, "name": "Railway Siding", "group": "import_Goad_1906_Sheet_31_20260504", "source_file": "Goad_1906_Everything_wip_2026-05-04_1721.geojson", "import_date": "2026-05-05", "type": "railway", "length_m": 110.6, "rail_class": "siding", "switcher": true}, "geometry": {"type": "LineString", "coordinates": [[-97.13202892995754, 49.90131204511854], [-97.13087123675308, 49.90094091950631], [-97.13063473146423, 49.90088523811834]]}, "_bbox": {"minLon": -97.13202892995754, "maxLon": -97.13063473146423, "minLat": 49.90088523811834, "maxLat": 49.90131204511854}}, {"type": "Feature", "properties": {"id": 142, "material": "blue", "snapped": false, "floors": 0.1, "name": "Railway Siding", "group": "import_Goad_1906_Sheet_31_20260504", "source_file": "Goad_1906_Everything_wip_2026-05-04_1721.geojson", "import_date": "2026-05-05", "type": "railway", "length_m": 192.6, "rail_class": "siding", "switcher": false}, "geometry": {"type": "LineString", "coordinates": [[-97.13200721234168, 49.90133712863317], [-97.13042161378206, 49.90082829257308], [-97.12988439531436, 49.90074016553272], [-97.12952376069505, 49.9007659317367]]}, "_bbox": {"minLon": -97.13200721234168, "maxLon": -97.12952376069505, "minLat": 49.90074016553272, "maxLat": 49.90133712863317}}, {"type": "Feature", "properties": {"id": 143, "material": "blue", "snapped": false, "floors": 0.1, "name": "Rrailway Siding", "source_file": "Goad_1906_Sheet_32_Fin_2026-05-04_2040.geojson", "import_date": "2026-05-05", "group": "import_Goad_1906_Sheet_32_Fin_2026-05-04_2040_20260505", "type": "railway", "length_m": 86.6, "rail_class": "siding", "switcher": true}, "geometry": {"type": "LineString", "coordinates": [[-97.12137982719429, 49.90356617438037], [-97.12229826339448, 49.90371749197594], [-97.12253770960761, 49.90378440752616]]}, "_bbox": {"minLon": -97.12253770960761, "maxLon": -97.12137982719429, "minLat": 49.90356617438037, "maxLat": 49.90378440752616}}, {"type": "Feature", "properties": {"id": 144, "material": "blue", "snapped": false, "floors": 0.1, "name": "Rrailway Siding", "source_file": "Goad_1906_Sheet_32_Fin_2026-05-04_2040.geojson", "import_date": "2026-05-05", "group": "import_Goad_1906_Sheet_32_Fin_2026-05-04_2040_20260505", "type": "railway", "length_m": 30.5, "rail_class": "siding", "switcher": false}, "geometry": {"type": "LineString", "coordinates": [[-97.12516874671866, 49.904365859790175], [-97.12478601237947, 49.90424562534367]]}, "_bbox": {"minLon": -97.12516874671866, "maxLon": -97.12478601237947, "minLat": 49.90424562534367, "maxLat": 49.904365859790175}}, {"type": "Feature", "properties": {"id": 145, "material": "blue", "snapped": false, "floors": 0.1, "name": "Rrailway Siding", "source_file": "Goad_1906_Sheet_32_Fin_2026-05-04_2040.geojson", "import_date": "2026-05-05", "group": "import_Goad_1906_Sheet_32_Fin_2026-05-04_2040_20260505", "type": "railway", "length_m": 272.6, "rail_class": "siding", "switcher": false}, "geometry": {"type": "LineString", "coordinates": [[-97.12455349820655, 49.90179451908428], [-97.12393418127176, 49.90339867433476], [-97.12386912950326, 49.90352799959273], [-97.12368177049751, 49.90370199520989], [-97.12349609387097, 49.90379540089281], [-97.12338500239457, 49.90382885854346], [-97.12326572306229, 49.90385359384996], [-97.12303400541882, 49.90386249418849]]}, "_bbox": {"minLon": -97.12455349820655, "maxLon": -97.12303400541882, "minLat": 49.90179451908428, "maxLat": 49.90386249418849}}, {"type": "Feature", "properties": {"id": 149, "material": "blue", "snapped": false, "floors": 0.1, "name": "Railway Siding", "source_file": "Goad_1906_Sheet_34_Fin_2026-05-05_0144.geojson", "import_date": "2026-05-05", "group": "import_Goad_1906_Sheet_34_Fin_2026-05-05_0144_20260505", "type": "railway", "length_m": 208.3, "rail_class": "siding", "switcher": false}, "geometry": {"type": "LineString", "coordinates": [[-97.12063914524222, 49.901748776142334], [-97.12022875959356, 49.9029241197105], [-97.12026083307218, 49.90313956466278], [-97.12042424839963, 49.903323586251304], [-97.12053751439478, 49.90340927284557], [-97.1207184735381, 49.90348025165486]]}, "_bbox": {"minLon": -97.1207184735381, "maxLon": -97.12022875959356, "minLat": 49.901748776142334, "maxLat": 49.90348025165486}}, {"type": "Feature", "properties": {"id": 150, "material": "blue", "snapped": false, "floors": 0.1, "name": "Railway Siding", "source_file": "Goad_1906_Sheet_34_Fin_2026-05-05_0144.geojson", "import_date": "2026-05-05", "group": "import_Goad_1906_Sheet_34_Fin_2026-05-05_0144_20260505", "type": "railway", "length_m": 244.9, "rail_class": "siding", "switcher": false}, "geometry": {"type": "LineString", "coordinates": [[-97.12062101570837, 49.90350264836344], [-97.12029317746556, 49.903373482875956], [-97.1199517241086, 49.90314072997992], [-97.11977156456413, 49.9029253871372], [-97.11966366971575, 49.90263008463533], [-97.11969281383746, 49.902272273794864], [-97.11977632474802, 49.90208876081336], [-97.12026447627363, 49.90164260355542]]}, "_bbox": {"minLon": -97.12062101570837, "maxLon": -97.11966366971575, "minLat": 49.90164260355542, "maxLat": 49.90350264836344}}, {"type": "Feature", "properties": {"id": 153, "material": "blue", "snapped": false, "floors": 0.1, "name": "Rrailway Siding", "source_file": "Goad_1906_Everything_wip_2026-05-05_0438.geojson", "import_date": "2026-05-05", "group": "import_Goad_1906_Everything_wip_2026-05-05_0438_20260505", "type": "railway", "length_m": 244.5, "rail_class": "siding", "switcher": false}, "geometry": {"type": "LineString", "coordinates": [[-97.11872807440754, 49.90322871298739], [-97.11840995497136, 49.903155747824435], [-97.1180225987845, 49.90308825016528], [-97.11771298427458, 49.903053273325625], [-97.1164567841775, 49.90295099101387], [-97.11539279441763, 49.902796133148456]]}, "_bbox": {"minLon": -97.11872807440754, "maxLon": -97.11539279441763, "minLat": 49.902796133148456, "maxLat": 49.90322871298739}}, {"type": "Feature", "properties": {"id": 156, "material": "blue", "snapped": false, "floors": 0.1, "name": "Railway Siding", "source_file": "Goad_1906_Everything_wip_2026-05-09_0014.geojson", "import_date": "2026-05-10", "group": "import_Goad_1906_Everything_wip_2026-05-09_0014_20260510", "type": "railway", "length_m": 276.5, "rail_class": "siding", "switcher": true}, "geometry": {"type": "LineString", "coordinates": [[-97.13120434118805, 49.904166902976606], [-97.1297800341156, 49.903957289064074], [-97.1295967001986, 49.903967531100534], [-97.12943029020954, 49.90401487666551], [-97.12927981013802, 49.904092472310836], [-97.12910680064986, 49.90422046192639], [-97.12883661401298, 49.90445115438862], [-97.12868676338316, 49.90454093292573], [-97.12846738096583, 49.90460405605441], [-97.12825334124635, 49.904641272602134], [-97.1280632689374, 49.90464743051055], [-97.127790806748, 49.90464202546545]]}, "_bbox": {"minLon": -97.13120434118805, "maxLon": -97.127790806748, "minLat": 49.903957289064074, "maxLat": 49.90464743051055}}, {"type": "Feature", "properties": {"id": 157, "material": "blue", "snapped": false, "floors": 0.1, "name": "Railway Siding", "source_file": "Goad_1906_Everything_wip_2026-05-09_0014.geojson", "import_date": "2026-05-10", "group": "import_Goad_1906_Everything_wip_2026-05-09_0014_20260510", "type": "railway", "length_m": 169.8, "rail_class": "siding", "switcher": false}, "geometry": {"type": "LineString", "coordinates": [[-97.12869029876823, 49.904542316198516], [-97.12893317346841, 49.9044931623087], [-97.12926251282144, 49.9044969407149], [-97.13100274932795, 49.90475231871031]]}, "_bbox": {"minLon": -97.13100274932795, "maxLon": -97.12869029876823, "minLat": 49.9044931623087, "maxLat": 49.90475231871031}}, {"type": "Feature", "properties": {"id": 158, "material": "blue", "snapped": false, "floors": 0.1, "name": "Railway Siding", "group": "import_Goad_1906_Everything_wip_2026-05-04_1721_20260505", "source_file": "Goad_1906_Everything_wip_2026-05-09_0014.geojson", "import_date": "2026-05-10", "type": "railway", "length_m": 108.1, "rail_class": "siding", "switcher": false}, "geometry": {"type": "LineString", "coordinates": [[-97.12856012706953, 49.90491619655497], [-97.12714314529202, 49.90458109141398]]}, "_bbox": {"minLon": -97.12856012706953, "maxLon": -97.12714314529202, "minLat": 49.90458109141398, "maxLat": 49.90491619655497}}, {"type": "Feature", "properties": {"material": "blue", "fill_original": "#000000", "snapped": false, "area_m2": 1609.2, "id": 169, "source_file": "Goad_1906_Sheet_31.geojson", "import_date": "2026-05-04", "group": "import_Goad_1906_Sheet_31_20260504", "floors": 0.1, "name": "Railway", "type": "railway", "length_m": 1327.9, "rail_class": "through"}, "geometry": {"type": "LineString", "coordinates": [[-97.15253715209374, 49.9113070886413], [-97.14255068646705, 49.908064681181024], [-97.13622406046063, 49.90601055110855], [-97.13596444769911, 49.90594790787385]]}, "_bbox": {"minLon": -97.15253715209374, "maxLon": -97.13596444769911, "minLat": 49.90594790787385, "maxLat": 49.9113070886413}}, {"type": "Feature", "properties": {"material": "blue", "fill_original": "#000000", "snapped": false, "area_m2": 1609.2, "id": 172, "source_file": "Goad_1906_Sheet_31.geojson", "import_date": "2026-05-04", "group": "import_Goad_1906_Sheet_31_20260504", "floors": 0.1, "name": "Railway", "type": "railway", "length_m": 223.6, "rail_class": "siding", "switcher": false}, "geometry": {"type": "LineString", "coordinates": [[-97.13951411930042, 49.907411404670476], [-97.13920035555459, 49.90721656572425], [-97.13898791263254, 49.90711100534435], [-97.13683179574261, 49.906402675509646]]}, "_bbox": {"minLon": -97.13951411930042, "maxLon": -97.13683179574261, "minLat": 49.906402675509646, "maxLat": 49.907411404670476}}, {"type": "Feature", "properties": {"material": "blue", "fill_original": "#000000", "snapped": false, "area_m2": 1609.2, "id": 173, "source_file": "Goad_1906_Sheet_31.geojson", "import_date": "2026-05-04", "group": "import_Goad_1906_Sheet_31_20260504", "floors": 0.1, "name": "Railway", "type": "railway", "length_m": 214.7, "rail_class": "siding", "switcher": false}, "geometry": {"type": "LineString", "coordinates": [[-97.13980245627963, 49.907595925256885], [-97.13951640456504, 49.907450088744], [-97.13716026274409, 49.906691130613254]]}, "_bbox": {"minLon": -97.13980245627963, "maxLon": -97.13716026274409, "minLat": 49.906691130613254, "maxLat": 49.907595925256885}}, {"type": "Feature", "properties": {"material": "blue", "fill_original": "#000000", "snapped": false, "area_m2": 1609.2, "id": 174, "source_file": "Goad_1906_Sheet_31.geojson", "import_date": "2026-05-04", "group": "import_Goad_1906_Sheet_31_20260504", "floors": 0.1, "name": "Railway", "type": "railway", "length_m": 200.4, "rail_class": "siding", "switcher": false}, "geometry": {"type": "LineString", "coordinates": [[-97.13718000617487, 49.90666159360563], [-97.13946005335048, 49.90739714724563], [-97.13965332546866, 49.907498626866435]]}, "_bbox": {"minLon": -97.13965332546866, "maxLon": -97.13718000617487, "minLat": 49.90666159360563, "maxLat": 49.907498626866435}}, {"type": "Feature", "properties": {"material": "blue", "fill_original": "#000000", "snapped": false, "area_m2": 1609.2, "id": 176, "source_file": "Goad_1906_Sheet_31.geojson", "import_date": "2026-05-04", "group": "import_Goad_1906_Sheet_31_20260504", "floors": 0.1, "name": "Railway", "type": "railway", "length_m": 370.2, "rail_class": "siding", "switcher": true}, "geometry": {"type": "LineString", "coordinates": [[-97.1374409638214, 49.90687325230408], [-97.13996032881978, 49.907682667802796], [-97.14024283198744, 49.90783249652854], [-97.14168552615936, 49.908717794573185]]}, "_bbox": {"minLon": -97.14168552615936, "maxLon": -97.1374409638214, "minLat": 49.90687325230408, "maxLat": 49.908717794573185}}, {"type": "Feature", "properties": {"material": "blue", "fill_original": "#000000", "snapped": false, "area_m2": 18.3, "id": 185, "source_file": "blks_6_10.geojson", "import_date": "2026-04-01", "group": "import_blks_6_10_20260401", "born": "1905-08-01", "died": "1907-02-01", "source_sheet": "Goad 1906", "floors": 0, "name": "Railwsy Siding", "type": "railway", "length_m": 39.1, "rail_class": "siding", "switcher": false}, "geometry": {"type": "LineString", "coordinates": [[-97.13303306502254, 49.894699467994656], [-97.13321051535411, 49.8947848225071], [-97.13350921940811, 49.894865920332585]]}, "_bbox": {"minLon": -97.13350921940811, "maxLon": -97.13303306502254, "minLat": 49.894699467994656, "maxLat": 49.894865920332585}}, {"type": "Feature", "properties": {"id": 186, "material": "blue", "snapped": false, "floors": 0.1, "name": "Railway Siding", "group": "import_Goad_Sheets_3_54_55_CAD_Northern_Rway_Yards_20260430", "source_file": "Goad_1906_Sheet_53_CNR_Yard_Station_Fixed_Orientation.geojson", "import_date": "2026-05-01", "type": "railway", "length_m": 243.4, "rail_class": "siding", "switcher": false}, "geometry": {"type": "LineString", "coordinates": [[-97.12932397753227, 49.88758907217546], [-97.12940630233092, 49.887914626686836], [-97.12949040093974, 49.888099680793204], [-97.13034929182584, 49.88968411554012]]}, "_bbox": {"minLon": -97.13034929182584, "maxLon": -97.12932397753227, "minLat": 49.88758907217546, "maxLat": 49.88968411554012}}, {"type": "Feature", "properties": {"id": 187, "material": "blue", "snapped": false, "floors": 0.1, "name": "Railway Siding", "group": "import_Goad_Sheets_3_54_55_CAD_Northern_Rway_Yards_20260430", "source_file": "Goad_1906_Sheet_53_CNR_Yard_Station_Fixed_Orientation.geojson", "import_date": "2026-05-01", "type": "railway", "length_m": 135.0, "rail_class": "siding", "switcher": false}, "geometry": {"type": "LineString", "coordinates": [[-97.12990899260713, 49.88897099701597], [-97.12953962324646, 49.88831522362811], [-97.12945555330728, 49.88813014030237], [-97.12937308766132, 49.88780449426859]]}, "_bbox": {"minLon": -97.12990899260713, "maxLon": -97.12937308766132, "minLat": 49.88780449426859, "maxLat": 49.88897099701597}}, {"type": "Feature", "properties": {"id": 188, "material": "blue", "snapped": false, "floors": 0.1, "name": "Railway Siding", "group": "import_Goad_Sheets_3_54_55_CAD_Northern_Rway_Yards_20260430", "source_file": "Goad_1906_Sheet_53_CNR_Yard_Station_Fixed_Orientation.geojson", "import_date": "2026-05-01", "type": "railway", "length_m": 113.8, "rail_class": "siding", "switcher": false}, "geometry": {"type": "LineString", "coordinates": [[-97.12986643641666, 49.88898296826876], [-97.12951640201203, 49.88832786982619], [-97.12943159903905, 49.88799650774298]]}, "_bbox": {"minLon": -97.12986643641666, "maxLon": -97.12943159903905, "minLat": 49.88799650774298, "maxLat": 49.88898296826876}}, {"type": "Feature", "properties": {"id": 189, "material": "blue", "snapped": false, "floors": 0.1, "name": "Railway Siding", "group": "import_Goad_Sheets_3_54_55_CAD_Northern_Rway_Yards_20260430", "source_file": "Goad_1906_Sheet_53_CNR_Yard_Station_Fixed_Orientation.geojson", "import_date": "2026-05-01", "type": "railway", "length_m": 65.5, "rail_class": "siding", "switcher": false}, "geometry": {"type": "LineString", "coordinates": [[-97.12967307656045, 49.887858060107604], [-97.12947467901593, 49.88751045281442], [-97.12930315514396, 49.887318931365826]]}, "_bbox": {"minLon": -97.12967307656045, "maxLon": -97.12930315514396, "minLat": 49.887318931365826, "maxLat": 49.887858060107604}}, {"type": "Feature", "properties": {"id": 190, "material": "blue", "snapped": false, "floors": 0.1, "name": "Railway Siding", "group": "import_Goad_Sheets_3_54_55_CAD_Northern_Rway_Yards_20260430", "source_file": "Goad_1906_Sheet_53_CNR_Yard_Station_Fixed_Orientation.geojson", "import_date": "2026-05-01", "type": "railway", "length_m": 92.0, "rail_class": "siding", "switcher": false}, "geometry": {"type": "LineString", "coordinates": [[-97.13001362005126, 49.88734780451885], [-97.13006052415113, 49.88749968633121], [-97.13005642134225, 49.887611165765655], [-97.1299398673635, 49.888172162583786]]}, "_bbox": {"minLon": -97.13006052415113, "maxLon": -97.1299398673635, "minLat": 49.88734780451885, "maxLat": 49.888172162583786}}, {"type": "Feature", "properties": {"id": 191, "material": "blue", "snapped": false, "floors": 0.1, "name": "Railway Siding", "group": "import_Goad_Sheets_3_54_55_CAD_Northern_Rway_Yards_20260430", "source_file": "Goad_1906_Sheet_53_CNR_Yard_Station_Fixed_Orientation.geojson", "import_date": "2026-05-01", "type": "railway", "length_m": 32.3, "rail_class": "siding", "switcher": true}, "geometry": {"type": "LineString", "coordinates": [[-97.13005097867543, 49.88763851427584], [-97.13001948584144, 49.88746820904659], [-97.12996230980606, 49.88735360038385]]}, "_bbox": {"minLon": -97.13005097867543, "maxLon": -97.12996230980606, "minLat": 49.88735360038385, "maxLat": 49.88763851427584}}, {"type": "Feature", "properties": {"id": 192, "material": "blue", "snapped": false, "floors": 0.1, "name": "Railway Siding", "group": "import_Goad_Sheets_3_54_55_CAD_Northern_Rway_Yards_20260430", "source_file": "Goad_1906_Sheet_53_CNR_Yard_Station_Fixed_Orientation.geojson", "import_date": "2026-05-01", "type": "railway", "length_m": 139.3, "rail_class": "siding", "switcher": false}, "geometry": {"type": "LineString", "coordinates": [[-97.12944128017408, 49.88886018663759], [-97.12940050839755, 49.8886629440555], [-97.12902487049084, 49.88796077887439], [-97.12899665524256, 49.88764378770931]]}, "_bbox": {"minLon": -97.12944128017408, "maxLon": -97.12899665524256, "minLat": 49.88764378770931, "maxLat": 49.88886018663759}}, {"type": "Feature", "properties": {"id": 193, "material": "blue", "snapped": false, "floors": 0.1, "name": "Railway Siding", "group": "import_Goad_Sheets_3_54_55_CAD_Northern_Rway_Yards_20260430", "source_file": "Goad_1906_Sheet_53_CNR_Yard_Station_Fixed_Orientation.geojson", "import_date": "2026-05-01", "type": "railway", "length_m": 139.7, "rail_class": "siding", "switcher": false}, "geometry": {"type": "LineString", "coordinates": [[-97.12898574530917, 49.888084457012724], [-97.12899472319337, 49.88827262952513], [-97.1292625450428, 49.88885068659771], [-97.12931345834565, 49.8892264226135], [-97.12935212149003, 49.88931744448701]]}, "_bbox": {"minLon": -97.12935212149003, "maxLon": -97.12898574530917, "minLat": 49.888084457012724, "maxLat": 49.88931744448701}}, {"type": "Feature", "properties": {"id": 194, "material": "blue", "snapped": false, "floors": 0.1, "name": "Railway Siding", "group": "import_Goad_Sheets_3_54_55_CAD_Northern_Rway_Yards_20260430", "source_file": "Goad_1906_Sheet_53_CNR_Yard_Station_Fixed_Orientation.geojson", "import_date": "2026-05-01", "type": "railway", "length_m": 262.8, "rail_class": "siding", "switcher": false}, "geometry": {"type": "LineString", "coordinates": [[-97.12928237414052, 49.88991530248741], [-97.12899114983774, 49.889385678612655], [-97.12893250441071, 49.88916602235988], [-97.12898958803886, 49.88757387145552]]}, "_bbox": {"minLon": -97.12928237414052, "maxLon": -97.12893250441071, "minLat": 49.88757387145552, "maxLat": 49.88991530248741}}, {"type": "Feature", "properties": {"id": 195, "material": "blue", "snapped": false, "floors": 0.1, "name": "Railway Siding", "group": "import_Goad_Sheets_3_54_55_CAD_Northern_Rway_Yards_20260430", "source_file": "Goad_1906_Sheet_53_CNR_Yard_Station_Fixed_Orientation.geojson", "import_date": "2026-05-01", "type": "railway", "length_m": 205.0, "rail_class": "siding", "switcher": false}, "geometry": {"type": "LineString", "coordinates": [[-97.12893438138248, 49.887579284426735], [-97.12887969411634, 49.88861844116907], [-97.12889140954204, 49.88943354140413]]}, "_bbox": {"minLon": -97.12893438138248, "maxLon": -97.12887969411634, "minLat": 49.887579284426735, "maxLat": 49.88943354140413}}, {"type": "Feature", "properties": {"id": 196, "material": "blue", "snapped": false, "floors": 0.1, "name": "Railway Siding", "group": "import_Goad_Sheets_3_54_55_CAD_Northern_Rway_Yards_20260430", "source_file": "Goad_1906_Sheet_53_CNR_Yard_Station_Fixed_Orientation.geojson", "import_date": "2026-05-01", "type": "railway", "length_m": 152.4, "rail_class": "siding", "switcher": false}, "geometry": {"type": "LineString", "coordinates": [[-97.12897003931904, 49.88854973254487], [-97.12909970656229, 49.88889410039954], [-97.12914261004441, 49.88936192278282], [-97.12937135203997, 49.88989750458782]]}, "_bbox": {"minLon": -97.12937135203997, "maxLon": -97.12897003931904, "minLat": 49.88854973254487, "maxLat": 49.88989750458782}}, {"type": "Feature", "properties": {"id": 197, "material": "blue", "snapped": false, "floors": 0.1, "name": "Railway Siding", "group": "import_Goad_Sheets_3_54_55_CAD_Northern_Rway_Yards_20260430", "source_file": "Goad_1906_Sheet_53_CNR_Yard_Station_Fixed_Orientation.geojson", "import_date": "2026-05-01", "type": "railway", "length_m": 174.5, "rail_class": "siding", "switcher": false}, "geometry": {"type": "LineString", "coordinates": [[-97.12917036151457, 49.889939453726214], [-97.12835181765608, 49.88845313057327]]}, "_bbox": {"minLon": -97.12917036151457, "maxLon": -97.12835181765608, "minLat": 49.88845313057327, "maxLat": 49.889939453726214}}, {"type": "Feature", "properties": {"id": 198, "material": "blue", "snapped": false, "floors": 0.1, "name": "Railway Siding", "group": "import_Goad_Sheets_3_54_55_CAD_Northern_Rway_Yards_20260430", "source_file": "Goad_1906_Sheet_53_CNR_Yard_Station_Fixed_Orientation.geojson", "import_date": "2026-05-01", "type": "railway", "length_m": 46.4, "rail_class": "siding", "switcher": true}, "geometry": {"type": "LineString", "coordinates": [[-97.12824578433298, 49.88826102894452], [-97.12802945689107, 49.887865476654405]]}, "_bbox": {"minLon": -97.12824578433298, "maxLon": -97.12802945689107, "minLat": 49.887865476654405, "maxLat": 49.88826102894452}}, {"type": "Feature", "properties": {"id": 199, "material": "blue", "snapped": false, "floors": 0.1, "name": "Railway Siding", "group": "import_Goad_Sheets_3_54_55_CAD_Northern_Rway_Yards_20260430", "source_file": "Goad_1906_Sheet_53_CNR_Yard_Station_Fixed_Orientation.geojson", "import_date": "2026-05-01", "type": "railway", "length_m": 185.2, "rail_class": "siding", "switcher": false}, "geometry": {"type": "LineString", "coordinates": [[-97.12787662085877, 49.88782471446905], [-97.12789738749889, 49.88802636678385], [-97.12852528594604, 49.889030340397674], [-97.12884192652406, 49.889361617448316]]}, "_bbox": {"minLon": -97.12884192652406, "maxLon": -97.12787662085877, "minLat": 49.88782471446905, "maxLat": 49.889361617448316}}, {"type": "Feature", "properties": {"id": 200, "material": "blue", "snapped": false, "floors": 0.1, "name": "Railway Siding", "group": "import_Goad_Sheets_3_54_55_CAD_Northern_Rway_Yards_20260430", "source_file": "Goad_1906_Sheet_53_CNR_Yard_Station_Fixed_Orientation.geojson", "import_date": "2026-05-01", "type": "railway", "length_m": 302.5, "rail_class": "siding", "switcher": true}, "geometry": {"type": "LineString", "coordinates": [[-97.1305171076724, 49.88939569825437], [-97.13044151080709, 49.888655434549285], [-97.13056072932251, 49.88847978873833], [-97.13087880739745, 49.888176131476236], [-97.1310486131869, 49.88791547770742], [-97.13108953736075, 49.887785211620425], [-97.13106647215893, 49.88748398359723], [-97.13069142625359, 49.88680788511202]]}, "_bbox": {"minLon": -97.13108953736075, "maxLon": -97.13044151080709, "minLat": 49.88680788511202, "maxLat": 49.88939569825437}}, {"type": "Feature", "properties": {"id": 201, "material": "blue", "snapped": false, "floors": 0.1, "name": "Railway Siding", "group": "import_Goad_Sheets_3_54_55_CAD_Northern_Rway_Yards_20260430", "source_file": "Goad_1906_Sheet_53_CNR_Yard_Station_Fixed_Orientation.geojson", "import_date": "2026-05-01", "type": "railway", "length_m": 185.2, "rail_class": "siding", "switcher": false}, "geometry": {"type": "LineString", "coordinates": [[-97.13275684572332, 49.88834397818945], [-97.13235325730071, 49.88825464157747], [-97.13201137481852, 49.88821932003576], [-97.13179803277055, 49.88821622239246], [-97.13135248451378, 49.88825913533929], [-97.13105895345014, 49.88832445502336], [-97.13066353036317, 49.888462604496176], [-97.13052257759223, 49.88855793545871], [-97.13045066597402, 49.88866750704641]]}, "_bbox": {"minLon": -97.13275684572332, "maxLon": -97.13045066597402, "minLat": 49.88821622239246, "maxLat": 49.88866750704641}}, {"type": "Feature", "properties": {"id": 202, "material": "blue", "snapped": false, "floors": 0.1, "name": "Railway Siding", "group": "import_Goad_Sheets_3_54_55_CAD_Northern_Rway_Yards_20260430", "source_file": "Goad_1906_Sheet_53_CNR_Yard_Station_Fixed_Orientation.geojson", "import_date": "2026-05-01", "type": "railway", "length_m": 142.0, "rail_class": "siding", "switcher": true}, "geometry": {"type": "LineString", "coordinates": [[-97.13079187729898, 49.88827117744906], [-97.13094695764502, 49.88811623663707], [-97.13139167635066, 49.88780166152019], [-97.13178423307731, 49.887594301436536], [-97.13224026340455, 49.88741795422603]]}, "_bbox": {"minLon": -97.13224026340455, "maxLon": -97.13079187729898, "minLat": 49.88741795422603, "maxLat": 49.88827117744906}}, {"type": "Feature", "properties": {"id": 203, "material": "blue", "snapped": false, "floors": 0.1, "name": "Railway Siding", "group": "import_Goad_Sheets_3_54_55_CAD_Northern_Rway_Yards_20260430", "source_file": "Goad_1906_Sheet_53_CNR_Yard_Station_Fixed_Orientation.geojson", "import_date": "2026-05-01", "type": "railway", "length_m": 148.0, "rail_class": "siding", "switcher": false}, "geometry": {"type": "LineString", "coordinates": [[-97.13072187058407, 49.88833535427307], [-97.13125154215179, 49.88793273210596], [-97.13172001092184, 49.88767883102046], [-97.13225834693081, 49.8874578720445]]}, "_bbox": {"minLon": -97.13225834693081, "maxLon": -97.13072187058407, "minLat": 49.8874578720445, "maxLat": 49.88833535427307}}, {"type": "Feature", "properties": {"id": 204, "material": "blue", "snapped": false, "floors": 0.1, "name": "Railway Siding", "group": "import_Goad_Sheets_3_54_55_CAD_Northern_Rway_Yards_20260430", "source_file": "Goad_1906_Sheet_53_CNR_Yard_Station_Fixed_Orientation.geojson", "import_date": "2026-05-01", "type": "railway", "length_m": 220.1, "rail_class": "siding", "switcher": true}, "geometry": {"type": "LineString", "coordinates": [[-97.1293837652946, 49.88779341868304], [-97.1304116027433, 49.889669897182344]]}, "_bbox": {"minLon": -97.1304116027433, "maxLon": -97.1293837652946, "minLat": 49.88779341868304, "maxLat": 49.889669897182344}}, {"type": "Feature", "properties": {"id": 205, "material": "blue", "snapped": false, "floors": 0.1, "name": "Railway Siding", "source_file": "Goad_Sheets_3_54_55_CAD_Northern_Rway_Yards.geojson", "import_date": "2026-05-01", "group": "import_Goad_Sheets_3_54_55_CAD_Northern_Rway_Yards_20260501", "type": "railway", "length_m": 237.2, "rail_class": "siding", "switcher": false}, "geometry": {"type": "LineString", "coordinates": [[-97.131258635404, 49.89095847027151], [-97.1314468845432, 49.89121466420334], [-97.13169917822361, 49.89140378848644], [-97.1319865936163, 49.891551227090154], [-97.13387439226047, 49.892173918891935]]}, "_bbox": {"minLon": -97.13387439226047, "maxLon": -97.131258635404, "minLat": 49.89095847027151, "maxLat": 49.892173918891935}}, {"type": "Feature", "properties": {"id": 206, "material": "blue", "snapped": false, "floors": 0.1, "name": "Railway Siding", "source_file": "Goad_Sheets_3_54_55_CAD_Northern_Rway_Yards.geojson", "import_date": "2026-05-01", "group": "import_Goad_Sheets_3_54_55_CAD_Northern_Rway_Yards_20260501", "type": "railway", "length_m": 210.6, "rail_class": "siding", "switcher": false}, "geometry": {"type": "LineString", "coordinates": [[-97.13390013109199, 49.89213351563366], [-97.13205860419464, 49.89153886914585], [-97.13165397349321, 49.8913346466174], [-97.13141250475982, 49.89115523497447]]}, "_bbox": {"minLon": -97.13390013109199, "maxLon": -97.13141250475982, "minLat": 49.89115523497447, "maxLat": 49.89213351563366}}, {"type": "Feature", "properties": {"id": 207, "material": "blue", "snapped": false, "floors": 0.1, "name": "Railway Siding", "source_file": "Goad_Sheets_3_54_55_CAD_Northern_Rway_Yards.geojson", "import_date": "2026-05-01", "group": "import_Goad_Sheets_3_54_55_CAD_Northern_Rway_Yards_20260501", "type": "railway", "length_m": 281.1, "rail_class": "siding", "switcher": false}, "geometry": {"type": "LineString", "coordinates": [[-97.13103405662311, 49.89060650042612], [-97.13122160403253, 49.8908537271543], [-97.13141716608695, 49.8910543094745], [-97.13166017926252, 49.89123197668361], [-97.13191908668087, 49.891375161727794], [-97.13239769420512, 49.89155503797069], [-97.13407151511066, 49.89209613674953]]}, "_bbox": {"minLon": -97.13407151511066, "maxLon": -97.13103405662311, "minLat": 49.89060650042612, "maxLat": 49.89209613674953}}, {"type": "Feature", "properties": {"id": 208, "material": "blue", "snapped": false, "floors": 0.1, "name": "Railway Siding", "source_file": "Goad_Sheets_3_54_55_CAD_Northern_Rway_Yards.geojson", "import_date": "2026-05-01", "group": "import_Goad_Sheets_3_54_55_CAD_Northern_Rway_Yards_20260501", "type": "railway", "length_m": 264.9, "rail_class": "siding", "switcher": true}, "geometry": {"type": "LineString", "coordinates": [[-97.13113681393003, 49.8907184937737], [-97.13147901997485, 49.89107229448855], [-97.13184698735911, 49.89128792394362], [-97.13234931483332, 49.89148795555262], [-97.13410133547278, 49.89206506706747]]}, "_bbox": {"minLon": -97.13410133547278, "maxLon": -97.13113681393003, "minLat": 49.8907184937737, "maxLat": 49.89206506706747}}, {"type": "Feature", "properties": {"id": 209, "material": "blue", "snapped": false, "floors": 0.1, "name": "Railway Siding", "source_file": "Goad_Sheets_3_54_55_CAD_Northern_Rway_Yards.geojson", "import_date": "2026-05-01", "group": "import_Goad_Sheets_3_54_55_CAD_Northern_Rway_Yards_20260501", "type": "railway", "length_m": 285.9, "rail_class": "siding", "switcher": false}, "geometry": {"type": "LineString", "coordinates": [[-97.13097267019562, 49.890538435736545], [-97.13142619061652, 49.89091785275942], [-97.13181213727796, 49.89113956735959], [-97.13203429056011, 49.89123128852703], [-97.13424218060095, 49.89194618026179]]}, "_bbox": {"minLon": -97.13424218060095, "maxLon": -97.13097267019562, "minLat": 49.890538435736545, "maxLat": 49.89194618026179}}, {"type": "Feature", "properties": {"id": 210, "material": "blue", "snapped": false, "floors": 0.1, "name": "Railway Siding", "source_file": "Goad_Sheets_3_54_55_CAD_Northern_Rway_Yards.geojson", "import_date": "2026-05-01", "group": "import_Goad_Sheets_3_54_55_CAD_Northern_Rway_Yards_20260501", "type": "railway", "length_m": 290.8, "rail_class": "siding", "switcher": false}, "geometry": {"type": "LineString", "coordinates": [[-97.1342724456228, 49.89190885661116], [-97.13187510697593, 49.89112250115444], [-97.13136183786149, 49.890836134642285], [-97.13118845152103, 49.89070879393318], [-97.1309648506635, 49.890470799178026]]}, "_bbox": {"minLon": -97.1342724456228, "maxLon": -97.1309648506635, "minLat": 49.890470799178026, "maxLat": 49.89190885661116}}, {"type": "Feature", "properties": {"id": 211, "material": "blue", "snapped": false, "floors": 0.1, "name": "Railway Siding", "source_file": "Goad_Sheets_3_54_55_CAD_Northern_Rway_Yards.geojson", "import_date": "2026-05-01", "group": "import_Goad_Sheets_3_54_55_CAD_Northern_Rway_Yards_20260501", "type": "railway", "length_m": 320.4, "rail_class": "siding", "switcher": true}, "geometry": {"type": "LineString", "coordinates": [[-97.13465891987721, 49.891791333206285], [-97.13165756211676, 49.890826660788555], [-97.13135918327526, 49.89069578141341], [-97.13114289871487, 49.89055038775092], [-97.13094227912615, 49.890378993202646], [-97.13089794216391, 49.89031012564733]]}, "_bbox": {"minLon": -97.13465891987721, "maxLon": -97.13089794216391, "minLat": 49.89031012564733, "maxLat": 49.891791333206285}}, {"type": "Feature", "properties": {"id": 212, "material": "blue", "snapped": false, "floors": 0.1, "name": "Railway Siding", "source_file": "Goad_Sheets_3_54_55_CAD_Northern_Rway_Yards.geojson", "import_date": "2026-05-01", "group": "import_Goad_Sheets_3_54_55_CAD_Northern_Rway_Yards_20260501", "type": "railway", "length_m": 273.1, "rail_class": "siding", "switcher": false}, "geometry": {"type": "LineString", "coordinates": [[-97.13413139779155, 49.891297902041906], [-97.13123123056062, 49.890444217370145], [-97.13099534322724, 49.89031339164471], [-97.13081001416876, 49.89014926118647]]}, "_bbox": {"minLon": -97.13413139779155, "maxLon": -97.13081001416876, "minLat": 49.89014926118647, "maxLat": 49.891297902041906}}, {"type": "Feature", "properties": {"id": 213, "material": "blue", "snapped": false, "floors": 0.1, "name": "Railway Siding", "source_file": "Goad_Sheets_3_54_55_CAD_Northern_Rway_Yards.geojson", "import_date": "2026-05-01", "group": "import_Goad_Sheets_3_54_55_CAD_Northern_Rway_Yards_20260501", "type": "railway", "length_m": 364.4, "rail_class": "siding", "switcher": false}, "geometry": {"type": "LineString", "coordinates": [[-97.13073770551188, 49.89225229195664], [-97.13078684926437, 49.89241005580831], [-97.13093420980168, 49.89264722250667], [-97.13177887816, 49.89373645220598], [-97.13226356478265, 49.89430697795691], [-97.13250449651456, 49.894503063030704], [-97.1327918794539, 49.894658636390965], [-97.13311443458132, 49.89478125561537], [-97.13350509727384, 49.89488262233998]]}, "_bbox": {"minLon": -97.13350509727384, "maxLon": -97.13073770551188, "minLat": 49.89225229195664, "maxLat": 49.89488262233998}}, {"type": "Feature", "properties": {"id": 214, "material": "blue", "snapped": false, "floors": 0.1, "name": "Railway Siding", "source_file": "Goad_Sheets_3_54_55_CAD_Northern_Rway_Yards.geojson", "import_date": "2026-05-01", "group": "import_Goad_Sheets_3_54_55_CAD_Northern_Rway_Yards_20260501", "type": "railway", "length_m": 199.1, "rail_class": "siding", "switcher": false}, "geometry": {"type": "LineString", "coordinates": [[-97.1339671724876, 49.89242945175361], [-97.13469400081142, 49.892595371305006], [-97.13650649440946, 49.89315339486214]]}, "_bbox": {"minLon": -97.13650649440946, "maxLon": -97.1339671724876, "minLat": 49.89242945175361, "maxLat": 49.89315339486214}}, {"type": "Feature", "properties": {"id": 215, "material": "blue", "snapped": false, "floors": 0.1, "name": "Railway Siding", "source_file": "Goad_Sheets_3_54_55_CAD_Northern_Rway_Yards.geojson", "import_date": "2026-05-01", "group": "import_Goad_Sheets_3_54_55_CAD_Northern_Rway_Yards_20260501", "type": "railway", "length_m": 75.9, "rail_class": "siding", "switcher": false}, "geometry": {"type": "LineString", "coordinates": [[-97.13653763448369, 49.8931012050053], [-97.13592081865023, 49.89291374100064], [-97.13555853703085, 49.89284482022214]]}, "_bbox": {"minLon": -97.13653763448369, "maxLon": -97.13555853703085, "minLat": 49.89284482022214, "maxLat": 49.8931012050053}}, {"type": "Feature", "properties": {"id": 216, "material": "blue", "snapped": false, "floors": 0.1, "name": "Railway Siding", "source_file": "Goad_Sheets_3_54_55_CAD_Northern_Rway_Yards.geojson", "import_date": "2026-05-01", "group": "import_Goad_Sheets_3_54_55_CAD_Northern_Rway_Yards_20260501", "type": "railway", "length_m": 242.1, "rail_class": "siding", "switcher": false}, "geometry": {"type": "LineString", "coordinates": [[-97.13255095067008, 49.892132620392424], [-97.13557204188271, 49.89311147274845]]}, "_bbox": {"minLon": -97.13557204188271, "maxLon": -97.13255095067008, "minLat": 49.892132620392424, "maxLat": 49.89311147274845}}, {"type": "Feature", "properties": {"id": 217, "material": "blue", "snapped": false, "floors": 0.1, "name": "Railway Siding", "source_file": "Goad_Sheets_3_54_55_CAD_Northern_Rway_Yards.geojson", "import_date": "2026-05-01", "group": "import_Goad_Sheets_3_54_55_CAD_Northern_Rway_Yards_20260501", "type": "railway", "length_m": 305.6, "rail_class": "siding", "switcher": false}, "geometry": {"type": "LineString", "coordinates": [[-97.13559291104542, 49.89308394057569], [-97.13231155924264, 49.89202080143334], [-97.1320593765888, 49.89191913064367], [-97.13183512366436, 49.89179265387613]]}, "_bbox": {"minLon": -97.13559291104542, "maxLon": -97.13183512366436, "minLat": 49.89179265387613, "maxLat": 49.89308394057569}}, {"type": "Feature", "properties": {"id": 218, "material": "blue", "snapped": false, "floors": 0.1, "name": "Railway Siding", "source_file": "Goad_Sheets_3_54_55_CAD_Northern_Rway_Yards.geojson", "import_date": "2026-05-01", "group": "import_Goad_Sheets_3_54_55_CAD_Northern_Rway_Yards_20260501", "type": "railway", "length_m": 391.1, "rail_class": "siding", "switcher": true}, "geometry": {"type": "LineString", "coordinates": [[-97.13561286574951, 49.89305457303264], [-97.13250245716317, 49.8920520942401], [-97.13216583675637, 49.89192628988478], [-97.13185357211486, 49.89176345708958], [-97.13153858775965, 49.89154904213682], [-97.13133533484775, 49.89136850566242], [-97.1311511233759, 49.891144419677886]]}, "_bbox": {"minLon": -97.13561286574951, "maxLon": -97.1311511233759, "minLat": 49.891144419677886, "maxLat": 49.89305457303264}}, {"type": "Feature", "properties": {"id": 219, "material": "blue", "snapped": false, "floors": 0.1, "name": "Railway Siding", "source_file": "Goad_Sheets_3_54_55_CAD_Northern_Rway_Yards.geojson", "import_date": "2026-05-01", "group": "import_Goad_Sheets_3_54_55_CAD_Northern_Rway_Yards_20260501", "type": "railway", "length_m": 231.0, "rail_class": "siding", "switcher": true}, "geometry": {"type": "LineString", "coordinates": [[-97.13275553114514, 49.89208735666508], [-97.13564464014291, 49.893011480951394]]}, "_bbox": {"minLon": -97.13564464014291, "maxLon": -97.13275553114514, "minLat": 49.89208735666508, "maxLat": 49.893011480951394}}, {"type": "Feature", "properties": {"id": 220, "material": "blue", "snapped": false, "floors": 0.1, "name": "Railway Siding", "source_file": "Goad_Sheets_3_54_55_CAD_Northern_Rway_Yards.geojson", "import_date": "2026-05-01", "group": "import_Goad_Sheets_3_54_55_CAD_Northern_Rway_Yards_20260501", "type": "railway", "length_m": 225.2, "rail_class": "siding", "switcher": false}, "geometry": {"type": "LineString", "coordinates": [[-97.13285678219218, 49.892072428514645], [-97.13566953458786, 49.89297895921595]]}, "_bbox": {"minLon": -97.13566953458786, "maxLon": -97.13285678219218, "minLat": 49.892072428514645, "maxLat": 49.89297895921595}}, {"type": "Feature", "properties": {"id": 221, "material": "blue", "snapped": false, "floors": 0.1, "name": "Railway Siding", "source_file": "Goad_Sheets_3_54_55_CAD_Northern_Rway_Yards.geojson", "import_date": "2026-05-01", "group": "import_Goad_Sheets_3_54_55_CAD_Northern_Rway_Yards_20260501", "type": "railway", "length_m": 57.7, "rail_class": "siding", "switcher": false}, "geometry": {"type": "LineString", "coordinates": [[-97.13368609711021, 49.89226316821324], [-97.13296820476445, 49.89202652333244]]}, "_bbox": {"minLon": -97.13368609711021, "maxLon": -97.13296820476445, "minLat": 49.89202652333244, "maxLat": 49.89226316821324}}, {"type": "Feature", "properties": {"id": 222, "material": "blue", "snapped": false, "floors": 0.1, "name": "Railway Siding", "source_file": "Goad_Sheets_3_54_55_CAD_Northern_Rway_Yards.geojson", "import_date": "2026-05-01", "group": "import_Goad_Sheets_3_54_55_CAD_Northern_Rway_Yards_20260501", "type": "railway", "length_m": 74.3, "rail_class": "siding", "switcher": false}, "geometry": {"type": "LineString", "coordinates": [[-97.13342064921457, 49.892182785485694], [-97.13300070084334, 49.89207570253341], [-97.13243903466415, 49.89197112154349]]}, "_bbox": {"minLon": -97.13342064921457, "maxLon": -97.13243903466415, "minLat": 49.89197112154349, "maxLat": 49.892182785485694}}, {"type": "Feature", "properties": {"id": 223, "material": "blue", "snapped": false, "floors": 0.1, "name": "Railway Siding", "source_file": "Goad_Sheets_3_54_55_CAD_Northern_Rway_Yards.geojson", "import_date": "2026-05-01", "group": "import_Goad_Sheets_3_54_55_CAD_Northern_Rway_Yards_20260501", "type": "railway", "length_m": 201.0, "rail_class": "siding", "switcher": false}, "geometry": {"type": "LineString", "coordinates": [[-97.13154099511105, 49.89332088593151], [-97.13196669539239, 49.89372387399928], [-97.13247783584012, 49.89405935062465], [-97.13365235670423, 49.89445370654372]]}, "_bbox": {"minLon": -97.13365235670423, "maxLon": -97.13154099511105, "minLat": 49.89332088593151, "maxLat": 49.89445370654372}}, {"type": "Feature", "properties": {"id": 224, "material": "blue", "snapped": false, "floors": 0.1, "name": "Railway Siding", "source_file": "Goad_Sheets_3_54_55_CAD_Northern_Rway_Yards.geojson", "import_date": "2026-05-01", "group": "import_Goad_Sheets_3_54_55_CAD_Northern_Rway_Yards_20260501", "type": "railway", "length_m": 175.4, "rail_class": "siding", "switcher": false}, "geometry": {"type": "LineString", "coordinates": [[-97.13129945250218, 49.892871559916244], [-97.13192662239967, 49.89336872739981], [-97.1322719537377, 49.893583466114], [-97.13246612464991, 49.89369083902956], [-97.13310475932461, 49.89391063886337]]}, "_bbox": {"minLon": -97.13310475932461, "maxLon": -97.13129945250218, "minLat": 49.892871559916244, "maxLat": 49.89391063886337}}, {"type": "Feature", "properties": {"id": 225, "material": "blue", "snapped": false, "floors": 0.1, "name": "Railway Siding", "source_file": "Goad_Sheets_3_54_55_CAD_Northern_Rway_Yards.geojson", "import_date": "2026-05-01", "group": "import_Goad_Sheets_3_54_55_CAD_Northern_Rway_Yards_20260501", "type": "railway", "length_m": 318.3, "rail_class": "siding", "switcher": false}, "geometry": {"type": "LineString", "coordinates": [[-97.1308958703848, 49.89257523928637], [-97.13133042721275, 49.89303980328073], [-97.1318265831516, 49.89370845379492], [-97.13230774032276, 49.894275312264625], [-97.1325453443922, 49.89446882690353], [-97.13283596242074, 49.89462709369919], [-97.13315865755084, 49.89474955078236], [-97.13346053004899, 49.89482808342401]]}, "_bbox": {"minLon": -97.13346053004899, "maxLon": -97.1308958703848, "minLat": 49.89257523928637, "maxLat": 49.89482808342401}}, {"type": "Feature", "properties": {"id": 226, "material": "blue", "snapped": false, "floors": 0.1, "name": "Railway Siding", "source_file": "Goad_Sheets_3_54_55_CAD_Northern_Rway_Yards.geojson", "import_date": "2026-05-01", "group": "import_Goad_Sheets_3_54_55_CAD_Northern_Rway_Yards_20260501", "type": "railway", "length_m": 395.0, "rail_class": "siding", "switcher": false}, "geometry": {"type": "LineString", "coordinates": [[-97.13092147760858, 49.89261111483023], [-97.1314222677692, 49.89293760238709], [-97.13208980860973, 49.89324347900559], [-97.13429555250953, 49.89396172785792], [-97.13568548492506, 49.89434938987287]]}, "_bbox": {"minLon": -97.13568548492506, "maxLon": -97.13092147760858, "minLat": 49.89261111483023, "maxLat": 49.89434938987287}}, {"type": "Feature", "properties": {"id": 227, "material": "blue", "snapped": false, "floors": 0.1, "name": "Railway Siding", "source_file": "Goad_Sheets_3_54_55_CAD_Northern_Rway_Yards.geojson", "import_date": "2026-05-01", "group": "import_Goad_Sheets_3_54_55_CAD_Northern_Rway_Yards_20260501", "type": "railway", "length_m": 515.7, "rail_class": "through"}, "geometry": {"type": "LineString", "coordinates": [[-97.13271441231201, 49.89496746667062], [-97.13083617841143, 49.892604987301105], [-97.1307404850865, 49.8923343644197], [-97.13069729876086, 49.892084500521605], [-97.13068603246364, 49.89147422399061], [-97.13063462396836, 49.89121496551972], [-97.130608633276, 49.890608824898806]]}, "_bbox": {"minLon": -97.13271441231201, "maxLon": -97.130608633276, "minLat": 49.890608824898806, "maxLat": 49.89496746667062}}, {"type": "Feature", "properties": {"id": 228, "material": "blue", "snapped": false, "floors": 0.1, "name": "Railway Siding", "source_file": "Goad_Sheets_3_54_55_CAD_Northern_Rway_Yards.geojson", "import_date": "2026-05-01", "group": "import_Goad_Sheets_3_54_55_CAD_Northern_Rway_Yards_20260501", "type": "railway", "length_m": 314.3, "rail_class": "siding", "switcher": false}, "geometry": {"type": "LineString", "coordinates": [[-97.13466815682837, 49.89175341527977], [-97.13155119462824, 49.89074072039345], [-97.13117825752417, 49.890541929819015], [-97.13092252391746, 49.89032992010225]]}, "_bbox": {"minLon": -97.13466815682837, "maxLon": -97.13092252391746, "minLat": 49.89032992010225, "maxLat": 49.89175341527977}}, {"type": "Feature", "properties": {"id": 229, "material": "blue", "snapped": false, "floors": 0.1, "name": "Railway Siding", "source_file": "Goad_Sheets_3_54_55_CAD_Northern_Rway_Yards.geojson", "import_date": "2026-05-01", "group": "import_Goad_Sheets_3_54_55_CAD_Northern_Rway_Yards_20260501", "type": "railway", "length_m": 98.3, "rail_class": "siding", "switcher": false}, "geometry": {"type": "LineString", "coordinates": [[-97.1329500086175, 49.89201977392617], [-97.13227474376136, 49.89179798113204], [-97.13180334287362, 49.89154259131365]]}, "_bbox": {"minLon": -97.1329500086175, "maxLon": -97.13180334287362, "minLat": 49.89154259131365, "maxLat": 49.89201977392617}}, {"type": "Feature", "properties": {"id": 230, "material": "blue", "snapped": false, "floors": 0.1, "name": "Railway Siding", "group": "import_Goad_Sheets_3_54_55_CAD_Northern_Rway_Yards_20260501", "source_file": "Goad_1906_53-55_fin_2026-05-08_0530.geojson", "import_date": "2026-05-09", "type": "railway", "length_m": 142.2, "rail_class": "siding", "switcher": false}, "geometry": {"type": "LineString", "coordinates": [[-97.13112105487353, 49.891124540989225], [-97.13129915286649, 49.89140732925903], [-97.13152888272184, 49.891651021684744], [-97.13196598133123, 49.891938854570654], [-97.1323353175243, 49.8921038074792]]}, "_bbox": {"minLon": -97.1323353175243, "maxLon": -97.13112105487353, "minLat": 49.891124540989225, "maxLat": 49.8921038074792}}, {"type": "Feature", "properties": {"id": 231, "material": "blue", "snapped": false, "floors": 0.1, "name": "Railway Siding", "group": "import_Goad_Sheets_3_54_55_CAD_Northern_Rway_Yards_20260501", "source_file": "Goad_1906_53-55_fin_2026-05-08_0530.geojson", "import_date": "2026-05-09", "type": "railway", "length_m": 94.2, "rail_class": "siding", "switcher": false}, "geometry": {"type": "LineString", "coordinates": [[-97.13141046626282, 49.89155147553899], [-97.13182370165025, 49.89193099355282], [-97.13227646137004, 49.89218452806221]]}, "_bbox": {"minLon": -97.13227646137004, "maxLon": -97.13141046626282, "minLat": 49.89155147553899, "maxLat": 49.89218452806221}}, {"type": "Feature", "properties": {"id": 232, "material": "blue", "snapped": false, "floors": 0.1, "name": "Railway Siding", "group": "import_Goad_Sheets_3_54_55_CAD_Northern_Rway_Yards_20260430", "source_file": "Goad_1906_Sheet_53_CNR_Yard_Station_Fixed_Orientation.geojson", "import_date": "2026-05-01", "type": "railway", "length_m": 240.9, "rail_class": "siding", "switcher": false}, "geometry": {"type": "LineString", "coordinates": [[-97.13054563398427, 49.88954010993778], [-97.13047339640377, 49.88932642614045], [-97.1300064792422, 49.88846270127589], [-97.12984367344578, 49.88776650350622], [-97.12968325081906, 49.88744140795058]]}, "_bbox": {"minLon": -97.13054563398427, "maxLon": -97.12968325081906, "minLat": 49.88744140795058, "maxLat": 49.88954010993778}}, {"type": "Feature", "properties": {"id": 233, "material": "blue", "snapped": false, "floors": 0.1, "name": "Railway Siding", "source_file": "Goad_Sheets_3_54_55_CAD_Northern_Rway_Yards.geojson", "import_date": "2026-05-01", "group": "import_Goad_Sheets_3_54_55_CAD_Northern_Rway_Yards_20260501", "type": "railway", "length_m": 261.7, "rail_class": "siding", "switcher": true}, "geometry": {"type": "LineString", "coordinates": [[-97.13253140011734, 49.89212727331115], [-97.13220879083475, 49.892005989774944], [-97.13190836035614, 49.89184734377585], [-97.13159259692935, 49.891639172111994], [-97.13137141028156, 49.891439382227006], [-97.13111939201399, 49.89111053346492], [-97.13075314706289, 49.89017106274541]]}, "_bbox": {"minLon": -97.13253140011734, "maxLon": -97.13075314706289, "minLat": 49.89017106274541, "maxLat": 49.89212727331115}}, {"type": "Feature", "properties": {"id": 234, "material": "blue", "snapped": false, "floors": 0.1, "name": "Railway Siding", "source_file": "Goad_Sheets_3_54_55_CAD_Northern_Rway_Yards.geojson", "import_date": "2026-05-01", "group": "import_Goad_Sheets_3_54_55_CAD_Northern_Rway_Yards_20260501", "type": "railway", "length_m": 263.1, "rail_class": "siding", "switcher": false}, "geometry": {"type": "LineString", "coordinates": [[-97.13075285598464, 49.89017346648175], [-97.13126893368828, 49.89109184118096], [-97.13155116066092, 49.89142056077476], [-97.13175696479031, 49.89160024231069], [-97.13224068957852, 49.89189657190153], [-97.13273715873066, 49.89208002522071]]}, "_bbox": {"minLon": -97.13273715873066, "maxLon": -97.13075285598464, "minLat": 49.89017346648175, "maxLat": 49.89208002522071}}, {"type": "Feature", "properties": {"id": 235, "material": "blue", "snapped": false, "floors": 0.1, "name": "Railway Siding", "source_file": "Goad_Sheets_3_54_55_CAD_Northern_Rway_Yards.geojson", "import_date": "2026-05-01", "group": "import_Goad_Sheets_3_54_55_CAD_Northern_Rway_Yards_20260501", "type": "railway", "length_m": 265.2, "rail_class": "siding", "switcher": false}, "geometry": {"type": "LineString", "coordinates": [[-97.13284125953749, 49.89206755165467], [-97.1324055239086, 49.89192111185609], [-97.13215107716341, 49.89178947557792], [-97.13190565948443, 49.89163194032779], [-97.13157861621518, 49.89136548012192], [-97.13133099414188, 49.89107055720085], [-97.13081422699473, 49.89016149858444]]}, "_bbox": {"minLon": -97.13284125953749, "maxLon": -97.13081422699473, "minLat": 49.89016149858444, "maxLat": 49.89206755165467}}, {"type": "Feature", "properties": {"id": 236, "material": "blue", "snapped": false, "floors": 0.1, "name": "Railway Siding", "source_file": "Goad_Sheets_3_54_55_CAD_Northern_Rway_Yards.geojson", "import_date": "2026-05-01", "group": "import_Goad_Sheets_3_54_55_CAD_Northern_Rway_Yards_20260501", "type": "railway", "length_m": 273.9, "rail_class": "siding", "switcher": false}, "geometry": {"type": "LineString", "coordinates": [[-97.13080598616241, 49.89016340287296], [-97.13104999961716, 49.89038498393152], [-97.13135913301575, 49.89052696288271], [-97.13411081969404, 49.89133536122204]]}, "_bbox": {"minLon": -97.13411081969404, "maxLon": -97.13080598616241, "minLat": 49.89016340287296, "maxLat": 49.89133536122204}}, {"type": "Feature", "properties": {"id": 237, "material": "blue", "snapped": false, "floors": 0.1, "name": "Railway Siding", "source_file": "Goad_Sheets_3_54_55_CAD_Northern_Rway_Yards.geojson", "import_date": "2026-05-01", "group": "import_Goad_Sheets_3_54_55_CAD_Northern_Rway_Yards_20260501", "type": "railway", "length_m": 273.8, "rail_class": "siding", "switcher": false}, "geometry": {"type": "LineString", "coordinates": [[-97.13431443611184, 49.89111034322503], [-97.13120045204462, 49.890382816576945], [-97.13097561810432, 49.8902817746942], [-97.13082444160648, 49.890165470218065]]}, "_bbox": {"minLon": -97.13431443611184, "maxLon": -97.13082444160648, "minLat": 49.890165470218065, "maxLat": 49.89111034322503}}, {"type": "Feature", "properties": {"id": 238, "material": "blue", "snapped": false, "floors": 0.1, "name": "Railway Siding", "group": "import_Goad_Sheets_3_54_55_CAD_Northern_Rway_Yards_20260430", "source_file": "Goad_1906_Sheet_53_CNR_Yard_Station_Fixed_Orientation.geojson", "import_date": "2026-05-01", "type": "railway", "length_m": 318.1, "rail_class": "siding", "switcher": true}, "geometry": {"type": "LineString", "coordinates": [[-97.13078745431736, 49.890227613900144], [-97.12929584984894, 49.88751754240648]]}, "_bbox": {"minLon": -97.13078745431736, "maxLon": -97.12929584984894, "minLat": 49.88751754240648, "maxLat": 49.890227613900144}}, {"type": "Feature", "properties": {"id": 239, "material": "blue", "snapped": false, "floors": 0.1, "name": "Railway Siding", "group": "import_Goad_Sheets_3_54_55_CAD_Northern_Rway_Yards_20260430", "source_file": "Goad_1906_Sheet_53_CNR_Yard_Station_Fixed_Orientation.geojson", "import_date": "2026-05-01", "type": "railway", "length_m": 371.9, "rail_class": "siding", "switcher": false}, "geometry": {"type": "LineString", "coordinates": [[-97.12913955904088, 49.887124203302804], [-97.13089207179738, 49.890290549098644]]}, "_bbox": {"minLon": -97.13089207179738, "maxLon": -97.12913955904088, "minLat": 49.887124203302804, "maxLat": 49.890290549098644}}, {"type": "Feature", "properties": {"id": 240, "material": "blue", "snapped": false, "floors": 0.1, "name": "Railway Siding", "group": "import_Goad_Sheets_3_54_55_CAD_Northern_Rway_Yards_20260430", "source_file": "Goad_1906_Sheet_53_CNR_Yard_Station_Fixed_Orientation.geojson", "import_date": "2026-05-01", "type": "railway", "length_m": 341.2, "rail_class": "siding", "switcher": false}, "geometry": {"type": "LineString", "coordinates": [[-97.13073715379316, 49.89001766886726], [-97.13065945813122, 49.88976898972637], [-97.12918383805403, 49.887103034917395]]}, "_bbox": {"minLon": -97.13073715379316, "maxLon": -97.12918383805403, "minLat": 49.887103034917395, "maxLat": 49.89001766886726}}, {"type": "Feature", "properties": {"id": 241, "material": "blue", "snapped": false, "floors": 0.1, "name": "Railway Siding", "source_file": "Goad_Sheets_3_54_55_CAD_Northern_Rway_Yards.geojson", "import_date": "2026-05-01", "group": "import_Goad_Sheets_3_54_55_CAD_Northern_Rway_Yards_20260501", "type": "railway", "length_m": 123.8, "rail_class": "siding", "switcher": false}, "geometry": {"type": "LineString", "coordinates": [[-97.13027735462042, 49.89120981110467], [-97.13047374859599, 49.890575216120396], [-97.13057076570263, 49.89010702747219]]}, "_bbox": {"minLon": -97.13057076570263, "maxLon": -97.13027735462042, "minLat": 49.89010702747219, "maxLat": 49.89120981110467}}, {"type": "Feature", "properties": {"id": 242, "material": "blue", "snapped": false, "floors": 0.1, "name": "Railway Siding", "group": "import_Goad_Sheets_3_54_55_CAD_Northern_Rway_Yards_20260430", "source_file": "Goad_1906_Sheet_53_CNR_Yard_Station_Fixed_Orientation.geojson", "import_date": "2026-05-01", "type": "railway", "length_m": 248.6, "rail_class": "siding", "switcher": false}, "geometry": {"type": "LineString", "coordinates": [[-97.13058118202137, 49.88998860074896], [-97.13102753848975, 49.89105277903874], [-97.13121909827493, 49.89138967743824], [-97.13143180727722, 49.8916559868072], [-97.13187677091972, 49.892048290889036]]}, "_bbox": {"minLon": -97.13187677091972, "maxLon": -97.13058118202137, "minLat": 49.88998860074896, "maxLat": 49.892048290889036}}, {"type": "Feature", "properties": {"id": 243, "material": "blue", "snapped": false, "floors": 0.1, "name": "Railway Siding", "source_file": "Goad_Sheets_3_54_55_CAD_Northern_Rway_Yards.geojson", "import_date": "2026-05-01", "group": "import_Goad_Sheets_3_54_55_CAD_Northern_Rway_Yards_20260501", "type": "railway", "length_m": 400.2, "rail_class": "siding", "switcher": false}, "geometry": {"type": "LineString", "coordinates": [[-97.12851658288024, 49.89290874786537], [-97.13011500977956, 49.89155440639126], [-97.13038071616307, 49.89121591282506], [-97.1305550235385, 49.89085664220323], [-97.13060527283932, 49.89061235055001], [-97.13056468019764, 49.889959715805375], [-97.13048839899007, 49.88970541026903]]}, "_bbox": {"minLon": -97.13060527283932, "maxLon": -97.12851658288024, "minLat": 49.88970541026903, "maxLat": 49.89290874786537}}, {"type": "Feature", "properties": {"material": "blue", "fill_original": "#000000", "snapped": false, "area_m2": 1609.2, "id": 245, "source_file": "Goad_1906_Sheet_31.geojson", "import_date": "2026-05-04", "group": "import_Goad_1906_Sheet_31_20260504", "floors": 0.1, "name": "Railway", "type": "railway", "length_m": 727.3, "rail_class": "through"}, "geometry": {"type": "LineString", "coordinates": [[-97.14196154002747, 49.89966951444436], [-97.13846877640152, 49.904630372439776], [-97.13838190077836, 49.90484917031644], [-97.13839613637211, 49.90515202758173], [-97.1384594253381, 49.90527342287474], [-97.13857597406565, 49.90542539286255], [-97.1387418242351, 49.90553748098133], [-97.13892164477696, 49.90562165862521]]}, "_bbox": {"minLon": -97.14196154002747, "maxLon": -97.13838190077836, "minLat": 49.89966951444436, "maxLat": 49.90562165862521}}, {"type": "Feature", "properties": {"material": "blue", "fill_original": "#000000", "snapped": false, "area_m2": 1609.2, "id": 246, "source_file": "Goad_1906_Sheet_31.geojson", "import_date": "2026-05-04", "group": "import_Goad_1906_Sheet_31_20260504", "floors": 0.1, "name": "Railway Siding", "type": "railway", "length_m": 87.2, "rail_class": "siding", "switcher": false}, "geometry": {"type": "LineString", "coordinates": [[-97.15136077360673, 49.90960522960772], [-97.15222451835331, 49.909688568905665], [-97.15253157655486, 49.909787495901206]]}, "_bbox": {"minLon": -97.15253157655486, "maxLon": -97.15136077360673, "minLat": 49.90960522960772, "maxLat": 49.909787495901206}}, {"type": "Feature", "properties": {"material": "blue", "fill_original": "#000000", "snapped": false, "area_m2": 1609.2, "id": 248, "source_file": "Goad_1906_Sheet_31.geojson", "import_date": "2026-05-04", "group": "import_Goad_1906_Sheet_31_20260504", "floors": 0.1, "name": "Railway Siding", "type": "railway", "length_m": 226.8, "rail_class": "siding", "switcher": false}, "geometry": {"type": "LineString", "coordinates": [[-97.15094264711466, 49.90947708310703], [-97.15148040409179, 49.909493109261255], [-97.15188725472304, 49.909420074226944], [-97.15210602054442, 49.9093008556718], [-97.15298255632386, 49.90819494735137]]}, "_bbox": {"minLon": -97.15298255632386, "maxLon": -97.15094264711466, "minLat": 49.90819494735137, "maxLat": 49.909493109261255}}, {"type": "Feature", "properties": {"material": "blue", "fill_original": "#000000", "snapped": false, "area_m2": 1609.2, "id": 249, "source_file": "Goad_1906_Sheet_31.geojson", "import_date": "2026-05-04", "group": "import_Goad_1906_Sheet_31_20260504", "floors": 0.1, "name": "Railway Siding", "type": "railway", "length_m": 138.8, "rail_class": "siding", "switcher": false}, "geometry": {"type": "LineString", "coordinates": [[-97.15210717200296, 49.90931036023892], [-97.15230610854816, 49.90913961237346], [-97.15302664931114, 49.90820843164448]]}, "_bbox": {"minLon": -97.15302664931114, "maxLon": -97.15210717200296, "minLat": 49.90820843164448, "maxLat": 49.90931036023892}}, {"type": "Feature", "properties": {"material": "blue", "fill_original": "#000000", "snapped": false, "area_m2": 1609.2, "id": 250, "source_file": "Goad_1906_Sheet_31.geojson", "import_date": "2026-05-04", "group": "import_Goad_1906_Sheet_31_20260504", "floors": 0.1, "name": "Railway Siding", "type": "railway", "length_m": 119.6, "rail_class": "siding", "switcher": false}, "geometry": {"type": "LineString", "coordinates": [[-97.15179080886777, 49.90882988750641], [-97.151435063114, 49.90912967291098], [-97.15120180849162, 49.90922698543668], [-97.15101129299997, 49.90925569371123], [-97.15040060421576, 49.90928252499717]]}, "_bbox": {"minLon": -97.15179080886777, "maxLon": -97.15040060421576, "minLat": 49.90882988750641, "maxLat": 49.90928252499717}}, {"type": "Feature", "properties": {"material": "blue", "fill_original": "#000000", "snapped": false, "area_m2": 12053.8, "id": 27, "source_file": "Goad_1906_Sheet_22.geojson", "import_date": "2026-05-12", "group": "import_Goad_1906_Sheet_22_20260512", "floors": 0.1, "name": "Railway Siding", "type": "railway", "length_m": 2015.6, "rail_class": "through"}, "geometry": {"type": "LineString", "coordinates": [[-97.16138332218007, 49.91275262170817], [-97.16129211068936, 49.91273229948857], [-97.16105775268251, 49.912699169865014], [-97.16087424291865, 49.912651018092134], [-97.14003593177607, 49.90597932217077], [-97.13878072705387, 49.90558085628926], [-97.13678792039651, 49.90493515164255], [-97.13616505100856, 49.904711528602554]]}, "_bbox": {"minLon": -97.16138332218007, "maxLon": -97.13616505100856, "minLat": 49.904711528602554, "maxLat": 49.91275262170817}}, {"type": "Feature", "properties": {"id": 13, "material": "blue", "snapped": false, "floors": 0.1, "name": "Railway siding", "source_file": "Goad_1906_Everything_wip_2026-05-26_0117.geojson", "import_date": "2026-05-27", "group": "import_Goad_1906_Everything_wip_2026-05-26_0117_20260527", "type": "railway", "length_m": 326.2, "rail_class": "siding", "switcher": false}, "geometry": {"type": "LineString", "coordinates": [[-97.1364013615876, 49.90785919089074], [-97.13663382787796, 49.90759165178246], [-97.13682533691295, 49.90747240535357], [-97.13705243455948, 49.907397416636], [-97.13721269152228, 49.90739046908289], [-97.1373158533938, 49.90739111896107], [-97.1373582424566, 49.90739534472398], [-97.13742833853547, 49.90740409017816], [-97.13746224734055, 49.907409211331284], [-97.13751028637625, 49.90741717471821], [-97.13761030994688, 49.907444132486816], [-97.13816576634966, 49.9076269922876], [-97.13833986816681, 49.90764709324022], [-97.13848501643001, 49.90768728163518], [-97.14029705745047, 49.908276112936726]]}, "_bbox": {"minLon": -97.14029705745047, "maxLon": -97.1364013615876, "minLat": 49.90739046908289, "maxLat": 49.908276112936726}}, {"type": "Feature", "properties": {"id": 251, "type": "railway", "material": "blue", "snapped": false, "length_m": 382.4, "rail_class": "siding", "switcher": false}, "geometry": {"type": "LineString", "coordinates": [[-97.14187328612029, 49.908820958923556], [-97.14165391429016, 49.90869947646277], [-97.14147461003628, 49.90856712714645], [-97.14110954822947, 49.90832940842406], [-97.13838440273074, 49.90665036060712], [-97.13816042948889, 49.90653145455949], [-97.13799198654223, 49.906453253907515]]}, "_bbox": {"minLon": -97.14187328612029, "maxLon": -97.13799198654223, "minLat": 49.906453253907515, "maxLat": 49.908820958923556}}, {"type": "Feature", "properties": {"id": 252, "type": "railway", "material": "blue", "snapped": false, "length_m": 37.0, "rail_class": "siding", "switcher": false}, "geometry": {"type": "LineString", "coordinates": [[-97.13838724460585, 49.90463398167806], [-97.13838181755874, 49.904969113402956]]}, "_bbox": {"minLon": -97.13838724460585, "maxLon": -97.13838181755874, "minLat": 49.90463398167806, "maxLat": 49.904969113402956}}, {"type": "Feature", "properties": {"id": 254, "type": "railway", "material": "blue", "snapped": false, "length_m": 114.1, "rail_class": "siding", "switcher": true}, "geometry": {"type": "LineString", "coordinates": [[-97.14315205398415, 49.9082654017177], [-97.14445114197358, 49.90886219209987]]}, "_bbox": {"minLon": -97.14445114197358, "maxLon": -97.14315205398415, "minLat": 49.9082654017177, "maxLat": 49.90886219209987}}, {"type": "Feature", "properties": {"material": "blue", "fill_original": "#000000", "snapped": false, "area_m2": 1609.2, "id": 65, "source_file": "Goad_1906_Sheet_31.geojson", "import_date": "2026-05-04", "group": "import_Goad_1906_Sheet_31_20260504", "floors": 0.1, "name": "Railway", "type": "railway", "length_m": 457.2, "rail_class": "siding", "switcher": false}, "geometry": {"type": "LineString", "coordinates": [[-97.13740954671296, 49.90691295996129], [-97.14004224622026, 49.90776573573874], [-97.1401690728768, 49.907814199514156], [-97.14311800498326, 49.90875573939058]]}, "_bbox": {"minLon": -97.14311800498326, "maxLon": -97.13740954671296, "minLat": 49.90691295996129, "maxLat": 49.90875573939058}}, {"type": "Feature", "properties": {"material": "blue", "fill_original": "#000000", "snapped": false, "area_m2": 1609.2, "id": 87, "source_file": "Goad_1906_Sheet_31.geojson", "import_date": "2026-05-04", "group": "import_Goad_1906_Sheet_31_20260504", "floors": 0.1, "name": "Railway", "type": "railway", "length_m": 496.3, "rail_class": "siding", "switcher": true}, "geometry": {"type": "LineString", "coordinates": [[-97.13680186769882, 49.906433283353195], [-97.13902442809147, 49.90715753813767], [-97.13920842971397, 49.90724429907399], [-97.13950262530211, 49.90740518436453], [-97.13990991974056, 49.90766570720924], [-97.14001755051184, 49.90772128679904], [-97.14280951096389, 49.908614199208664]]}, "_bbox": {"minLon": -97.14280951096389, "maxLon": -97.13680186769882, "minLat": 49.906433283353195, "maxLat": 49.908614199208664}}, {"type": "Feature", "properties": {"id": 255, "type": "railway", "material": "blue", "snapped": false, "length_m": 434.3, "rail_class": "siding", "switcher": false}, "geometry": {"type": "LineString", "coordinates": [[-97.1467266217843, 49.910174521787496], [-97.14139190953735, 49.908489002081105], [-97.14128860149765, 49.90844619422061]]}, "_bbox": {"minLon": -97.1467266217843, "maxLon": -97.14128860149765, "minLat": 49.90844619422061, "maxLat": 49.910174521787496}}, {"type": "Feature", "properties": {"id": 256, "type": "railway", "material": "unknown", "snapped": false, "length_m": 3755.1, "rail_class": "through"}, "geometry": {"type": "LineString", "coordinates": [[-97.18413929594375, 49.9308963276141], [-97.18318447538937, 49.92804993789121], [-97.18288908519285, 49.92757337067519], [-97.18238244304035, 49.92703365584774], [-97.18172892118851, 49.92666300270748], [-97.18085339592888, 49.926318773714314], [-97.17583819823048, 49.92477695662579], [-97.17505358847231, 49.92440187467651], [-97.17415680958557, 49.92375917867313], [-97.1737975058105, 49.923136933798105], [-97.17364580999136, 49.922397413269245], [-97.17377869357912, 49.919561624328274], [-97.17383409768422, 49.91868997397705], [-97.17331124157442, 49.91786241220742], [-97.17279482221603, 49.917524641975135], [-97.17212537413324, 49.917298527764615], [-97.17074058905946, 49.91699403812382], [-97.1667464417679, 49.91665921189851], [-97.16297853611094, 49.915990346659235], [-97.16276998555617, 49.91594032376942], [-97.16255826721361, 49.9158855205074], [-97.15333112102043, 49.91280213432304], [-97.15325087373924, 49.91276483126103], [-97.15315720949707, 49.91270943593996], [-97.14973135997306, 49.91021611445264]]}, "_bbox": {"minLon": -97.18413929594375, "maxLon": -97.14973135997306, "minLat": 49.91021611445264, "maxLat": 49.9308963276141}}, {"type": "Feature", "properties": {"id": 258, "type": "railway", "material": "unknown", "snapped": false, "length_m": 900.7, "rail_class": "through"}, "geometry": {"type": "LineString", "coordinates": [[-97.170586480356, 49.916836595435896], [-97.15853655226725, 49.914533585100635]]}, "_bbox": {"minLon": -97.170586480356, "maxLon": -97.15853655226725, "minLat": 49.914533585100635, "maxLat": 49.916836595435896}}, {"type": "Feature", "properties": {"id": 259, "type": "railway", "material": "unknown", "snapped": false, "length_m": 900.3, "rail_class": "through"}, "geometry": {"type": "LineString", "coordinates": [[-97.1710912056382, 49.91699544204098], [-97.1590455392876, 49.9146982315015]]}, "_bbox": {"minLon": -97.1710912056382, "maxLon": -97.1590455392876, "minLat": 49.9146982315015, "maxLat": 49.91699544204098}}, {"type": "Feature", "properties": {"id": 260, "type": "railway", "material": "unknown", "snapped": false, "length_m": 708.2, "rail_class": "through"}, "geometry": {"type": "LineString", "coordinates": [[-97.16966844660156, 49.916901404896656], [-97.16019570478042, 49.9150875293682]]}, "_bbox": {"minLon": -97.16966844660156, "maxLon": -97.16019570478042, "minLat": 49.9150875293682, "maxLat": 49.916901404896656}}, {"type": "Feature", "properties": {"id": 262, "type": "railway", "material": "unknown", "snapped": false, "length_m": 794.9, "rail_class": "through"}, "geometry": {"type": "LineString", "coordinates": [[-97.1703314572975, 49.91696117693949], [-97.15969934699338, 49.914925301259494]]}, "_bbox": {"minLon": -97.1703314572975, "maxLon": -97.15969934699338, "minLat": 49.914925301259494, "maxLat": 49.91696117693949}}, {"type": "Feature", "properties": {"id": 265, "type": "railway", "material": "unknown", "snapped": false, "length_m": 396.4, "rail_class": "siding", "switcher": false}, "geometry": {"type": "LineString", "coordinates": [[-97.1672696204808, 49.916700000401995], [-97.16196740067431, 49.91568471180498]]}, "_bbox": {"minLon": -97.1672696204808, "maxLon": -97.16196740067431, "minLat": 49.91568471180498, "maxLat": 49.916700000401995}}, {"type": "Feature", "properties": {"id": 268, "type": "railway", "material": "unknown", "snapped": false, "length_m": 519.2, "rail_class": "through"}, "geometry": {"type": "LineString", "coordinates": [[-97.16819107457988, 49.916774567582145], [-97.16124700735345, 49.91544489198792]]}, "_bbox": {"minLon": -97.16819107457988, "maxLon": -97.16124700735345, "minLat": 49.91544489198792, "maxLat": 49.916774567582145}}, {"type": "Feature", "properties": {"id": 272, "type": "railway", "material": "unknown", "snapped": false, "length_m": 607.6, "rail_class": "through"}, "geometry": {"type": "LineString", "coordinates": [[-97.16884846701103, 49.916833263818916], [-97.1607213952646, 49.91527706215764]]}, "_bbox": {"minLon": -97.16884846701103, "maxLon": -97.1607213952646, "minLat": 49.91527706215764, "maxLat": 49.916833263818916}}, {"type": "Feature", "properties": {"id": 273, "type": "railway", "material": "unknown", "snapped": false, "length_m": 894.6, "rail_class": "through"}, "geometry": {"type": "LineString", "coordinates": [[-97.1700065390949, 49.916658350330785], [-97.15803522208074, 49.91437938721693]]}, "_bbox": {"minLon": -97.1700065390949, "maxLon": -97.15803522208074, "minLat": 49.91437938721693, "maxLat": 49.916658350330785}}, {"type": "Feature", "properties": {"id": 275, "type": "railway", "material": "unknown", "snapped": false, "length_m": 890.3, "rail_class": "through"}, "geometry": {"type": "LineString", "coordinates": [[-97.16928651270945, 49.9164319495803], [-97.15737820572797, 49.91415170305538]]}, "_bbox": {"minLon": -97.16928651270945, "maxLon": -97.15737820572797, "minLat": 49.91415170305538, "maxLat": 49.9164319495803}}, {"type": "Feature", "properties": {"id": 278, "type": "railway", "material": "unknown", "snapped": false, "length_m": 824.5, "rail_class": "through"}, "geometry": {"type": "LineString", "coordinates": [[-97.1686709528459, 49.91624633846542], [-97.15766774048632, 49.914081817059326]]}, "_bbox": {"minLon": -97.1686709528459, "maxLon": -97.15766774048632, "minLat": 49.914081817059326, "maxLat": 49.91624633846542}}, {"type": "Feature", "properties": {"id": 282, "type": "railway", "material": "unknown", "snapped": false, "length_m": 712.1, "rail_class": "through"}, "geometry": {"type": "LineString", "coordinates": [[-97.16775980517575, 49.9159731589134], [-97.15826021504868, 49.91409360772706]]}, "_bbox": {"minLon": -97.16775980517575, "maxLon": -97.15826021504868, "minLat": 49.91409360772706, "maxLat": 49.9159731589134}}, {"type": "Feature", "properties": {"id": 293, "type": "railway", "material": "unknown", "snapped": false, "length_m": 561.7, "rail_class": "through"}, "geometry": {"type": "LineString", "coordinates": [[-97.16635953255516, 49.91554624304158], [-97.15884691909156, 49.914107407925094]]}, "_bbox": {"minLon": -97.16635953255516, "maxLon": -97.15884691909156, "minLat": 49.914107407925094, "maxLat": 49.91554624304158}}, {"type": "Feature", "properties": {"id": 300, "type": "railway", "material": "unknown", "snapped": false, "length_m": 456.1, "rail_class": "siding", "switcher": true}, "geometry": {"type": "LineString", "coordinates": [[-97.16560446610828, 49.91531212054573], [-97.15952084324813, 49.91410688062957]]}, "_bbox": {"minLon": -97.16560446610828, "maxLon": -97.15952084324813, "minLat": 49.91410688062957, "maxLat": 49.91531212054573}}, {"type": "Feature", "properties": {"id": 302, "type": "railway", "material": "unknown", "snapped": false, "length_m": 1149.4, "rail_class": "through"}, "geometry": {"type": "LineString", "coordinates": [[-97.15709892819679, 49.91406015766406], [-97.16082402987362, 49.91414142506861], [-97.16403976356257, 49.914835392253174], [-97.16634788111762, 49.91554108978866], [-97.16865406678039, 49.916246196655955], [-97.16875105863717, 49.916275851520865], [-97.17210634257114, 49.91729638309981]]}, "_bbox": {"minLon": -97.17210634257114, "maxLon": -97.15709892819679, "minLat": 49.91406015766406, "maxLat": 49.91729638309981}}, {"type": "Feature", "properties": {"id": 303, "type": "railway", "material": "unknown", "snapped": false, "length_m": 1309.5, "rail_class": "through"}, "geometry": {"type": "LineString", "coordinates": [[-97.16081344312029, 49.91413508269017], [-97.15763454378457, 49.91343063877721], [-97.1526637110385, 49.911202843703315], [-97.1455626717382, 49.90776360532589]]}, "_bbox": {"minLon": -97.16081344312029, "maxLon": -97.1455626717382, "minLat": 49.90776360532589, "maxLat": 49.91413508269017}}, {"type": "Feature", "properties": {"id": 304, "type": "railway", "material": "unknown", "snapped": false, "length_m": 456.1, "rail_class": "siding", "switcher": false}, "geometry": {"type": "LineString", "coordinates": [[-97.15153383287345, 49.91223286365216], [-97.1477899490625, 49.91101403450985], [-97.14761238196132, 49.91093399255007], [-97.14712289283696, 49.91062830334632], [-97.14679396356098, 49.91048125545413], [-97.1460672947764, 49.91016254668376]]}, "_bbox": {"minLon": -97.15153383287345, "maxLon": -97.1460672947764, "minLat": 49.91016254668376, "maxLat": 49.91223286365216}}, {"type": "Feature", "properties": {"id": 305, "type": "railway", "material": "unknown", "snapped": false, "length_m": 348.4, "rail_class": "siding", "switcher": true}, "geometry": {"type": "LineString", "coordinates": [[-97.14318349275086, 49.90923033402131], [-97.14291030361774, 49.909189783331215], [-97.14252428690068, 49.90922991324687], [-97.14212902293525, 49.909169055279435], [-97.13871705166682, 49.90811223164914]]}, "_bbox": {"minLon": -97.14318349275086, "maxLon": -97.13871705166682, "minLat": 49.90811223164914, "maxLat": 49.90923033402131}}, {"type": "Feature", "properties": {"id": 306, "type": "railway", "material": "unknown", "snapped": false, "length_m": 182.7, "rail_class": "siding", "switcher": true}, "geometry": {"type": "LineString", "coordinates": [[-97.1376573093653, 49.90815197272265], [-97.13807415902227, 49.90790227646786], [-97.13858210184725, 49.90785439631775], [-97.13922459789342, 49.90798953146758], [-97.1399459070179, 49.90820118471523]]}, "_bbox": {"minLon": -97.1399459070179, "maxLon": -97.1376573093653, "minLat": 49.90785439631775, "maxLat": 49.90820118471523}}, {"type": "Feature", "properties": {"id": 308, "type": "railway", "material": "unknown", "snapped": false, "length_m": 335.5, "rail_class": "siding", "switcher": false}, "geometry": {"type": "LineString", "coordinates": [[-97.16870362205981, 49.90937963592971], [-97.17150933774876, 49.91026475178154], [-97.17200701537317, 49.91038047634711], [-97.17242360731926, 49.910405519958296], [-97.17303480895441, 49.910395522517824]]}, "_bbox": {"minLon": -97.17303480895441, "maxLon": -97.16870362205981, "minLat": 49.90937963592971, "maxLat": 49.910405519958296}}, {"type": "Feature", "properties": {"id": 309, "type": "railway", "material": "unknown", "snapped": false, "length_m": 733.4, "rail_class": "through"}, "geometry": {"type": "LineString", "coordinates": [[-97.17111585529283, 49.910797792929124], [-97.17045082587784, 49.91079060221982], [-97.16987263592272, 49.91069236124941], [-97.16563968795592, 49.9093305529084], [-97.16535754421557, 49.90919662291265], [-97.1652350343805, 49.90911100980788], [-97.1650268743732, 49.90890746576111], [-97.16450815130996, 49.90862304881509], [-97.16210625863927, 49.90788847699644]]}, "_bbox": {"minLon": -97.17111585529283, "maxLon": -97.16210625863927, "minLat": 49.90788847699644, "maxLat": 49.910797792929124}}, {"type": "Feature", "properties": {"id": 310, "type": "railway", "material": "unknown", "snapped": false, "length_m": 320.2, "rail_class": "siding", "switcher": false}, "geometry": {"type": "LineString", "coordinates": [[-97.1622386831182, 49.90841467746615], [-97.16521441788659, 49.90935087651427], [-97.16575224295164, 49.90946192506642], [-97.16609793160644, 49.909483611087154], [-97.16632477656947, 49.90954670997004]]}, "_bbox": {"minLon": -97.16632477656947, "maxLon": -97.1622386831182, "minLat": 49.90841467746615, "maxLat": 49.90954670997004}}, {"type": "Feature", "properties": {"id": 311, "type": "railway", "material": "unknown", "snapped": false, "length_m": 298.5, "rail_class": "siding", "switcher": false}, "geometry": {"type": "LineString", "coordinates": [[-97.16192934776318, 49.90812916781054], [-97.16565572857334, 49.909333071265316]]}, "_bbox": {"minLon": -97.16565572857334, "maxLon": -97.16192934776318, "minLat": 49.90812916781054, "maxLat": 49.909333071265316}}, {"type": "Feature", "properties": {"id": 312, "type": "railway", "material": "unknown", "snapped": false, "length_m": 253.2, "rail_class": "siding", "switcher": true}, "geometry": {"type": "LineString", "coordinates": [[-97.16549075567049, 49.9088988095915], [-97.16716623499032, 49.90942448271329], [-97.16735548728363, 49.90951759263274], [-97.1679240373603, 49.90994656245399], [-97.16806987917522, 49.91006782568212], [-97.16832611063033, 49.91019632822793]]}, "_bbox": {"minLon": -97.16832611063033, "maxLon": -97.16549075567049, "minLat": 49.9088988095915, "maxLat": 49.91019632822793}}, {"type": "Feature", "properties": {"id": 313, "type": "railway", "material": "unknown", "snapped": false, "length_m": 241.1, "rail_class": "siding", "switcher": true}, "geometry": {"type": "LineString", "coordinates": [[-97.16509901151566, 49.90950197940325], [-97.16658558556578, 49.91000001013313], [-97.16691998562685, 49.910083448225656], [-97.16737611349664, 49.910121726068006], [-97.16787550312041, 49.91010379308986], [-97.16823302569175, 49.91016660458206]]}, "_bbox": {"minLon": -97.16823302569175, "maxLon": -97.16509901151566, "minLat": 49.90950197940325, "maxLat": 49.91016660458206}}, {"type": "Feature", "properties": {"id": 314, "type": "railway", "material": "unknown", "snapped": false, "length_m": 1174.0, "rail_class": "through"}, "geometry": {"type": "LineString", "coordinates": [[-97.17222233379312, 49.915701853406695], [-97.17222811712536, 49.916792904515], [-97.17276868831405, 49.91739744421083], [-97.17327275845219, 49.91772741707968], [-97.17556196698362, 49.91984807589217], [-97.17579059867015, 49.920005589218], [-97.17630567251118, 49.920207620059124], [-97.17933601169901, 49.92110014271826], [-97.17964065452247, 49.921272538034025], [-97.18062658796771, 49.92215074537521], [-97.18098393825818, 49.92234936079832], [-97.18292582073286, 49.92285676145574]]}, "_bbox": {"minLon": -97.18292582073286, "maxLon": -97.17222233379312, "minLat": 49.915701853406695, "maxLat": 49.92285676145574}}, {"type": "Feature", "properties": {"id": 315, "type": "railway", "material": "unknown", "snapped": false, "length_m": 193.0, "rail_class": "siding", "switcher": false}, "geometry": {"type": "LineString", "coordinates": [[-97.18289581866001, 49.922706335874956], [-97.1807902122202, 49.92216543468337], [-97.18045636502488, 49.92199310359486]]}, "_bbox": {"minLon": -97.18289581866001, "maxLon": -97.18045636502488, "minLat": 49.92199310359486, "maxLat": 49.922706335874956}}, {"type": "Feature", "properties": {"id": 316, "type": "railway", "material": "unknown", "snapped": false, "length_m": 1435.8, "rail_class": "through"}, "geometry": {"type": "LineString", "coordinates": [[-97.19413079151235, 49.92324220860654], [-97.1890970347006, 49.92345644262665], [-97.18844243797797, 49.92337887416801], [-97.17966866234283, 49.921046739094706], [-97.17560257390888, 49.9197953145412], [-97.17533903657379, 49.91966421400448]]}, "_bbox": {"minLon": -97.19413079151235, "maxLon": -97.17533903657379, "minLat": 49.91966421400448, "maxLat": 49.92345644262665}}, {"type": "Feature", "properties": {"id": 317, "type": "railway", "material": "unknown", "snapped": false, "length_m": 363.3, "rail_class": "siding", "switcher": false}, "geometry": {"type": "LineString", "coordinates": [[-97.17653653318962, 49.91858180346875], [-97.17684687728978, 49.91872785022266], [-97.17954104057776, 49.92121256048348]]}, "_bbox": {"minLon": -97.17954104057776, "maxLon": -97.17653653318962, "minLat": 49.91858180346875, "maxLat": 49.92121256048348}}, {"type": "Feature", "properties": {"id": 318, "type": "railway", "material": "unknown", "snapped": false, "length_m": 334.3, "rail_class": "siding", "switcher": true}, "geometry": {"type": "LineString", "coordinates": [[-97.18479470110645, 49.922815028459226], [-97.1873040657513, 49.923494246387094], [-97.18781264061464, 49.92357213598203], [-97.1892256535919, 49.92347873349792]]}, "_bbox": {"minLon": -97.1892256535919, "maxLon": -97.18479470110645, "minLat": 49.922815028459226, "maxLat": 49.92357213598203}}, {"type": "Feature", "properties": {"id": 319, "type": "railway", "material": "unknown", "snapped": false, "length_m": 192.0, "rail_class": "siding", "switcher": true}, "geometry": {"type": "LineString", "coordinates": [[-97.18616880227309, 49.923094178168185], [-97.18735617494258, 49.92340759913841], [-97.18768942386214, 49.923467062870884], [-97.18873527939753, 49.92352872170347]]}, "_bbox": {"minLon": -97.18873527939753, "maxLon": -97.18616880227309, "minLat": 49.923094178168185, "maxLat": 49.92352872170347}}, {"type": "Feature", "properties": {"id": 320, "type": "railway", "material": "unknown", "snapped": false, "length_m": 216.8, "rail_class": "siding", "switcher": false}, "geometry": {"type": "LineString", "coordinates": [[-97.18622671245369, 49.922999993583645], [-97.18760711317277, 49.92336566208678], [-97.18826161018276, 49.92342441931942], [-97.1891264384977, 49.923494000851406]]}, "_bbox": {"minLon": -97.1891264384977, "maxLon": -97.18622671245369, "minLat": 49.922999993583645, "maxLat": 49.923494000851406}}, {"type": "Feature", "properties": {"id": 321, "type": "railway", "material": "unknown", "snapped": false, "length_m": 202.9, "rail_class": "siding", "switcher": false}, "geometry": {"type": "LineString", "coordinates": [[-97.18625541826242, 49.92290587322636], [-97.18780544364857, 49.92331631615381], [-97.18893360987335, 49.923479375770505]]}, "_bbox": {"minLon": -97.18893360987335, "maxLon": -97.18625541826242, "minLat": 49.92290587322636, "maxLat": 49.923479375770505}}, {"type": "Feature", "properties": {"id": 322, "type": "railway", "material": "unknown", "snapped": false, "length_m": 373.7, "rail_class": "siding", "switcher": false}, "geometry": {"type": "LineString", "coordinates": [[-97.18565633861739, 49.922282650759044], [-97.18725897175794, 49.922700502567835], [-97.18744599939298, 49.92272266498459], [-97.19044605502715, 49.922309739940765], [-97.190668187736, 49.922343112020414]]}, "_bbox": {"minLon": -97.190668187736, "maxLon": -97.18565633861739, "minLat": 49.922282650759044, "maxLat": 49.92272266498459}}, {"type": "Feature", "properties": {"id": 323, "type": "railway", "material": "unknown", "snapped": false, "length_m": 135.3, "rail_class": "siding", "switcher": false}, "geometry": {"type": "LineString", "coordinates": [[-97.18631633747883, 49.922277436977815], [-97.1876383294542, 49.92264323393547], [-97.18808809672332, 49.92264600708089]]}, "_bbox": {"minLon": -97.18808809672332, "maxLon": -97.18631633747883, "minLat": 49.922277436977815, "maxLat": 49.92264600708089}}, {"type": "Feature", "properties": {"id": 324, "type": "railway", "material": "unknown", "snapped": false, "length_m": 293.8, "rail_class": "siding", "switcher": true}, "geometry": {"type": "LineString", "coordinates": [[-97.18470070638288, 49.92161130267666], [-97.18802889027862, 49.922495645727366], [-97.18851986274873, 49.92255852487785]]}, "_bbox": {"minLon": -97.18851986274873, "maxLon": -97.18470070638288, "minLat": 49.92161130267666, "maxLat": 49.92255852487785}}, {"type": "Feature", "properties": {"id": 325, "type": "railway", "material": "unknown", "snapped": false, "length_m": 213.3, "rail_class": "siding", "switcher": true}, "geometry": {"type": "LineString", "coordinates": [[-97.18619722660102, 49.921845035688726], [-97.18868308815073, 49.92249796928199], [-97.18897523158192, 49.922516138235416]]}, "_bbox": {"minLon": -97.18897523158192, "maxLon": -97.18619722660102, "minLat": 49.921845035688726, "maxLat": 49.922516138235416}}, {"type": "Feature", "properties": {"id": 326, "type": "railway", "material": "unknown", "snapped": false, "length_m": 243.0, "rail_class": "siding", "switcher": false}, "geometry": {"type": "LineString", "coordinates": [[-97.18633664977, 49.92170176208025], [-97.18897463330617, 49.922403270879386], [-97.18923767207814, 49.922440315286075], [-97.18950631241417, 49.922432199904904]]}, "_bbox": {"minLon": -97.18950631241417, "maxLon": -97.18633664977, "minLat": 49.92170176208025, "maxLat": 49.922440315286075}}, {"type": "Feature", "properties": {"id": 327, "type": "railway", "material": "unknown", "snapped": false, "length_m": 555.5, "rail_class": "through"}, "geometry": {"type": "LineString", "coordinates": [[-97.18311268425681, 49.92064412453217], [-97.18950561442578, 49.92230052132287], [-97.1899263767483, 49.92234098114756], [-97.19036444232616, 49.9223400177387]]}, "_bbox": {"minLon": -97.19036444232616, "maxLon": -97.18311268425681, "minLat": 49.92064412453217, "maxLat": 49.92234098114756}}, {"type": "Feature", "properties": {"id": 328, "type": "railway", "material": "unknown", "snapped": false, "length_m": 535.4, "rail_class": "through"}, "geometry": {"type": "LineString", "coordinates": [[-97.18474703411017, 49.921526699362666], [-97.17905560208182, 49.920117338407366], [-97.17845362991835, 49.919957329711686], [-97.17817577546141, 49.919831025820905], [-97.17788436901148, 49.91966818301746]]}, "_bbox": {"minLon": -97.18474703411017, "maxLon": -97.17788436901148, "minLat": 49.91966818301746, "maxLat": 49.921526699362666}}, {"type": "Feature", "properties": {"id": 329, "type": "railway", "material": "unknown", "snapped": false, "length_m": 320.4, "rail_class": "siding", "switcher": false}, "geometry": {"type": "LineString", "coordinates": [[-97.18185199466154, 49.92096732667499], [-97.17891258342239, 49.920227359088926], [-97.1782934574764, 49.91998134407921], [-97.17790787120788, 49.91969179344141]]}, "_bbox": {"minLon": -97.18185199466154, "maxLon": -97.17790787120788, "minLat": 49.91969179344141, "maxLat": 49.92096732667499}}, {"type": "Feature", "properties": {"id": 330, "type": "railway", "material": "unknown", "snapped": false, "length_m": 279.4, "rail_class": "siding", "switcher": false}, "geometry": {"type": "LineString", "coordinates": [[-97.18179561017551, 49.92104058811103], [-97.17904684910975, 49.92035612986604], [-97.17866183295139, 49.92017413302346], [-97.17827350005855, 49.919996445677114]]}, "_bbox": {"minLon": -97.18179561017551, "maxLon": -97.17827350005855, "minLat": 49.919996445677114, "maxLat": 49.92104058811103}}, {"type": "Feature", "properties": {"id": 331, "type": "railway", "material": "unknown", "snapped": false, "length_m": 260.4, "rail_class": "siding", "switcher": false}, "geometry": {"type": "LineString", "coordinates": [[-97.17847146783309, 49.920172400579986], [-97.17892350281309, 49.920397272052085], [-97.18002377320613, 49.920689553133975], [-97.18176936135482, 49.92112884097854]]}, "_bbox": {"minLon": -97.18176936135482, "maxLon": -97.17847146783309, "minLat": 49.920172400579986, "maxLat": 49.92112884097854}}, {"type": "Feature", "properties": {"id": 332, "type": "railway", "material": "unknown", "snapped": false, "length_m": 613.7, "rail_class": "through"}, "geometry": {"type": "LineString", "coordinates": [[-97.17966625001533, 49.92128404328189], [-97.17740397580316, 49.91913361537055], [-97.17722630751257, 49.91900709114691], [-97.1767344717189, 49.91883393362966], [-97.17336938834246, 49.91780235246302]]}, "_bbox": {"minLon": -97.17966625001533, "maxLon": -97.17336938834246, "minLat": 49.91780235246302, "maxLat": 49.92128404328189}}, {"type": "Feature", "properties": {"id": 333, "type": "railway", "material": "unknown", "snapped": false, "length_m": 228.2, "rail_class": "siding", "switcher": false}, "geometry": {"type": "LineString", "coordinates": [[-97.18166980230964, 49.92124737048614], [-97.17948607324001, 49.92068428235927], [-97.17905124905354, 49.920556172580724], [-97.17876333037115, 49.92042128641961]]}, "_bbox": {"minLon": -97.18166980230964, "maxLon": -97.17876333037115, "minLat": 49.92042128641961, "maxLat": 49.92124737048614}}, {"type": "Feature", "properties": {"id": 334, "type": "railway", "material": "unknown", "snapped": false, "length_m": 184.7, "rail_class": "siding", "switcher": false}, "geometry": {"type": "LineString", "coordinates": [[-97.18160678435467, 49.92132925091465], [-97.17965390534921, 49.92084524583067], [-97.17937599388124, 49.92070818656036], [-97.17928547286321, 49.920641701506895]]}, "_bbox": {"minLon": -97.18160678435467, "maxLon": -97.17928547286321, "minLat": 49.920641701506895, "maxLat": 49.92132925091465}}, {"type": "Feature", "properties": {"id": 335, "type": "railway", "material": "unknown", "snapped": false, "length_m": 305.4, "rail_class": "siding", "switcher": true}, "geometry": {"type": "LineString", "coordinates": [[-97.17881427861958, 49.92058250694601], [-97.17850297176282, 49.920445521119994], [-97.17571670041957, 49.919614870502215], [-97.17525174056777, 49.9194717692922], [-97.17500402177616, 49.91936045683289]]}, "_bbox": {"minLon": -97.17881427861958, "maxLon": -97.17500402177616, "minLat": 49.91936045683289, "maxLat": 49.92058250694601}}, {"type": "Feature", "properties": {"id": 336, "type": "railway", "material": "unknown", "snapped": false, "length_m": 305.4, "rail_class": "siding", "switcher": false}, "geometry": {"type": "LineString", "coordinates": [[-97.17869316584812, 49.92041498742487], [-97.17838185899136, 49.92027800159885], [-97.1755955876481, 49.91944735098107], [-97.1751306277963, 49.91930424977106], [-97.1748829090047, 49.91919293731175]]}, "_bbox": {"minLon": -97.17869316584812, "maxLon": -97.1748829090047, "minLat": 49.91919293731175, "maxLat": 49.92041498742487}}, {"type": "Feature", "properties": {"id": 337, "type": "railway", "material": "unknown", "snapped": false, "length_m": 305.4, "rail_class": "siding", "switcher": false}, "geometry": {"type": "LineString", "coordinates": [[-97.17825685937525, 49.92000723777871], [-97.1779455525185, 49.919870251952695], [-97.17515928117524, 49.919039601334916], [-97.17469432132344, 49.9188965001249], [-97.17444660253183, 49.91878518766559]]}, "_bbox": {"minLon": -97.17825685937525, "maxLon": -97.17444660253183, "minLat": 49.91878518766559, "maxLat": 49.92000723777871}}, {"type": "Feature", "properties": {"id": 339, "type": "railway", "material": "unknown", "snapped": false, "length_m": 305.4, "rail_class": "siding", "switcher": false}, "geometry": {"type": "LineString", "coordinates": [[-97.17837797214672, 49.920174757299854], [-97.17806666528996, 49.92003777147384], [-97.17528039394671, 49.91920712085606], [-97.17481543409491, 49.919064019646044], [-97.1745677153033, 49.91895270718673]]}, "_bbox": {"minLon": -97.17837797214672, "maxLon": -97.1745677153033, "minLat": 49.91895270718673, "maxLat": 49.920174757299854}}, {"type": "Feature", "properties": {"id": 340, "type": "railway", "material": "unknown", "snapped": false, "length_m": 305.4, "rail_class": "siding", "switcher": true}, "geometry": {"type": "LineString", "coordinates": [[-97.17738424642954, 49.9191917384864], [-97.17707293957278, 49.91905475266038], [-97.17428666822953, 49.9182241020426], [-97.17382170837773, 49.918081000832586], [-97.17357398958612, 49.917969688373276]]}, "_bbox": {"minLon": -97.17738424642954, "maxLon": -97.17357398958612, "minLat": 49.917969688373276, "maxLat": 49.9191917384864}}, {"type": "Feature", "properties": {"id": 342, "type": "railway", "material": "unknown", "snapped": false, "length_m": 305.4, "rail_class": "siding", "switcher": false}, "geometry": {"type": "LineString", "coordinates": [[-97.177505359201, 49.91935925800754], [-97.17719405234425, 49.91922227218152], [-97.174407781001, 49.91839162156374], [-97.1739428211492, 49.91824852035373], [-97.17369510235758, 49.91813720789442]]}, "_bbox": {"minLon": -97.177505359201, "maxLon": -97.17369510235758, "minLat": 49.91813720789442, "maxLat": 49.91935925800754}}, {"type": "Feature", "properties": {"id": 345, "type": "railway", "material": "unknown", "snapped": false, "length_m": 305.4, "rail_class": "siding", "switcher": false}, "geometry": {"type": "LineString", "coordinates": [[-97.1778205529024, 49.919599488132555], [-97.17750924604564, 49.91946250230654], [-97.17472297470239, 49.91863185168876], [-97.1742580148506, 49.918488750478744], [-97.17401029605898, 49.918377438019434]]}, "_bbox": {"minLon": -97.1778205529024, "maxLon": -97.17401029605898, "minLat": 49.918377438019434, "maxLat": 49.919599488132555}}, {"type": "Feature", "properties": {"id": 349, "type": "railway", "material": "unknown", "snapped": false, "length_m": 305.4, "rail_class": "siding", "switcher": false}, "geometry": {"type": "LineString", "coordinates": [[-97.17794166567387, 49.9197670076537], [-97.17763035881711, 49.91963002182768], [-97.17484408747386, 49.9187993712099], [-97.17437912762206, 49.918656269999886], [-97.17413140883045, 49.918544957540576]]}, "_bbox": {"minLon": -97.17794166567387, "maxLon": -97.17413140883045, "minLat": 49.918544957540576, "maxLat": 49.9197670076537}}, {"type": "Feature", "properties": {"id": 350, "type": "railway", "material": "unknown", "snapped": false, "length_m": 919.3, "rail_class": "through"}, "geometry": {"type": "LineString", "coordinates": [[-97.1737832219634, 49.919178935125494], [-97.1734581513709, 49.91986056462531], [-97.17263522505789, 49.92046890339868], [-97.16965779636311, 49.92186016853445], [-97.16606842501436, 49.92344160453084], [-97.1653072567588, 49.923969699884545], [-97.16428871718946, 49.924544137029066]]}, "_bbox": {"minLon": -97.1737832219634, "maxLon": -97.16428871718946, "minLat": 49.919178935125494, "maxLat": 49.924544137029066}}, {"type": "Feature", "properties": {"id": 351, "type": "railway", "material": "unknown", "snapped": false, "length_m": 4707.7, "rail_class": "through"}, "geometry": {"type": "LineString", "coordinates": [[-97.19438614830403, 49.88096513844342], [-97.19342246731864, 49.900493277882326], [-97.19327954718622, 49.90124796405937], [-97.19193746881623, 49.90414075948253], [-97.1827378578927, 49.916483739872696], [-97.1818446542435, 49.9172410044581], [-97.1805145946791, 49.91770168728063], [-97.17937923846839, 49.918024614591914], [-97.17787897183347, 49.918216739085146], [-97.17648457615415, 49.91827130343039], [-97.1750801446917, 49.91810845493448]]}, "_bbox": {"minLon": -97.19438614830403, "maxLon": -97.1750801446917, "minLat": 49.88096513844342, "maxLat": 49.91827130343039}}, {"type": "Feature", "properties": {"id": 352, "type": "railway", "material": "unknown", "snapped": false, "length_m": 245.9, "rail_class": "siding", "switcher": true}, "geometry": {"type": "LineString", "coordinates": [[-97.16712451270126, 49.913093434226134], [-97.16536938907106, 49.91255748746319], [-97.16455596532059, 49.91241205636598], [-97.16391091228782, 49.91241020343306]]}, "_bbox": {"minLon": -97.16712451270126, "maxLon": -97.16391091228782, "minLat": 49.91241020343306, "maxLat": 49.913093434226134}}, {"type": "Feature", "properties": {"id": 353, "type": "railway", "material": "unknown", "snapped": false, "length_m": 244.3, "rail_class": "siding", "switcher": true}, "geometry": {"type": "LineString", "coordinates": [[-97.16777887405144, 49.91293496045839], [-97.16597783113458, 49.91235985601428], [-97.16524076611526, 49.91224697254336], [-97.16460101754093, 49.91228763816884]]}, "_bbox": {"minLon": -97.16777887405144, "maxLon": -97.16460101754093, "minLat": 49.91224697254336, "maxLat": 49.91293496045839}}, {"type": "Feature", "properties": {"id": 354, "type": "railway", "material": "unknown", "snapped": false, "length_m": 252.5, "rail_class": "siding", "switcher": false}, "geometry": {"type": "LineString", "coordinates": [[-97.16905410722126, 49.91300740170298], [-97.16928101574894, 49.912696104886095], [-97.16936068468603, 49.912394946550684], [-97.16922710409833, 49.91210734342376], [-97.16893610853631, 49.911826629600675], [-97.16841707726041, 49.91164456395268], [-97.16791900369836, 49.91158349977479], [-97.16748754701689, 49.91163352198471]]}, "_bbox": {"minLon": -97.16936068468603, "maxLon": -97.16748754701689, "minLat": 49.91158349977479, "maxLat": 49.91300740170298}}, {"type": "Feature", "properties": {"id": 355, "type": "railway", "material": "unknown", "snapped": false, "length_m": 114.7, "rail_class": "siding", "switcher": false}, "geometry": {"type": "LineString", "coordinates": [[-97.16889532029484, 49.91179727530225], [-97.17034013807518, 49.91224230094077]]}, "_bbox": {"minLon": -97.17034013807518, "maxLon": -97.16889532029484, "minLat": 49.91179727530225, "maxLat": 49.91224230094077}}, {"type": "Feature", "properties": {"id": 356, "type": "railway", "material": "unknown", "snapped": false, "length_m": 244.8, "rail_class": "siding", "switcher": false}, "geometry": {"type": "LineString", "coordinates": [[-97.16031544686598, 49.910592582621426], [-97.15978979517821, 49.91107792889684], [-97.15899975692723, 49.911511511728996], [-97.15840140354078, 49.911696034767736], [-97.1578881969631, 49.91165463320512], [-97.1576186793547, 49.91159306637913]]}, "_bbox": {"minLon": -97.16031544686598, "maxLon": -97.1576186793547, "minLat": 49.910592582621426, "maxLat": 49.911696034767736}}, {"type": "Feature", "properties": {"id": 357, "type": "railway", "material": "unknown", "snapped": false, "length_m": 224.9, "rail_class": "siding", "switcher": true}, "geometry": {"type": "LineString", "coordinates": [[-97.16088039742851, 49.9108138059506], [-97.16034961469558, 49.91128934884327], [-97.15967655000395, 49.911752118424495], [-97.1591949967636, 49.91193311303663], [-97.15850402444418, 49.91189210242254]]}, "_bbox": {"minLon": -97.16088039742851, "maxLon": -97.15850402444418, "minLat": 49.9108138059506, "maxLat": 49.91193311303663}}, {"type": "Feature", "properties": {"id": 358, "type": "railway", "material": "unknown", "snapped": false, "length_m": 95.9, "rail_class": "siding", "switcher": false}, "geometry": {"type": "LineString", "coordinates": [[-97.1590381887357, 49.912054505455274], [-97.15946999224369, 49.91206991359668], [-97.16008382547228, 49.911931158294], [-97.16030177250909, 49.91184561852909]]}, "_bbox": {"minLon": -97.16030177250909, "maxLon": -97.1590381887357, "minLat": 49.91184561852909, "maxLat": 49.91206991359668}}, {"type": "Feature", "properties": {"id": 359, "type": "railway", "material": "unknown", "snapped": false, "length_m": 89.2, "rail_class": "siding", "switcher": false}, "geometry": {"type": "LineString", "coordinates": [[-97.15787498684732, 49.911078868453394], [-97.15727167582895, 49.91128630328505], [-97.15671315691104, 49.911320247156084]]}, "_bbox": {"minLon": -97.15787498684732, "maxLon": -97.15671315691104, "minLat": 49.911078868453394, "maxLat": 49.911320247156084}}, {"type": "Feature", "properties": {"id": 360, "type": "railway", "material": "unknown", "snapped": false, "length_m": 186.5, "rail_class": "siding", "switcher": false}, "geometry": {"type": "LineString", "coordinates": [[-97.15762131126156, 49.91017320541551], [-97.15715262131047, 49.91086453442805], [-97.156762299697, 49.911009341287716], [-97.15637171796362, 49.911105075383894], [-97.15581763643785, 49.911017961935016]]}, "_bbox": {"minLon": -97.15762131126156, "maxLon": -97.15581763643785, "minLat": 49.91017320541551, "maxLat": 49.911105075383894}}, {"type": "Feature", "properties": {"id": 361, "type": "railway", "material": "unknown", "snapped": false, "length_m": 185.5, "rail_class": "siding", "switcher": false}, "geometry": {"type": "LineString", "coordinates": [[-97.1570107882389, 49.90997825475649], [-97.15651105189689, 49.910561690709095], [-97.15616673627669, 49.910762012837765], [-97.15573562642174, 49.910877465399004], [-97.15530373620712, 49.91084569966976], [-97.15512066600695, 49.91080357205988]]}, "_bbox": {"minLon": -97.1570107882389, "maxLon": -97.15512066600695, "minLat": 49.90997825475649, "maxLat": 49.910877465399004}}, {"type": "Feature", "properties": {"id": 100, "material": "blue", "snapped": false, "floors": 0.1, "name": "CPR Mainline", "source_file": "Goad_1906_Everything_wip_2026-05-05_1718.json", "import_date": "2026-05-05", "group": "import_Goad_1906_Everything_wip_2026-05-05_1718_20260505", "type": "railway", "length_m": 10311.1, "rail_class": "through"}, "geometry": {"type": "LineString", "coordinates": [[-97.06028413274619, 49.909417027092644], [-97.10269326943356, 49.90303116441937], [-97.10658484385073, 49.90264122168409], [-97.11808465341592, 49.9031902608321], [-97.11909631188581, 49.90331033138869], [-97.12038227563094, 49.90348848216737], [-97.12795307999262, 49.90466552735181], [-97.1292876164047, 49.90476158774516], [-97.13116845497578, 49.90503749890796], [-97.13119041041799, 49.90503991375375], [-97.13576068812027, 49.905718899328534], [-97.13606654732367, 49.90578910249145], [-97.13617161891852, 49.90581556241009], [-97.14035566807844, 49.90717432228405], [-97.1526226815872, 49.9111580053365], [-97.15262582158125, 49.911157798319124], [-97.17288139614836, 49.91746467362431], [-97.17648313515554, 49.91854945216121], [-97.17934720219698, 49.91940684411238], [-97.19629401564849, 49.923805803632376]]}, "_bbox": {"minLon": -97.19629401564849, "maxLon": -97.0996483541014, "minLat": 49.90236222534891, "maxLat": 49.923805803632376}}, {"type": "Feature", "properties": {"id": 362, "type": "railway", "material": "unknown", "snapped": false, "length_m": 1546.2, "rail_class": "through"}, "geometry": {"type": "LineString", "coordinates": [[-97.1662236546513, 49.92335002403282], [-97.16723455120204, 49.92271178586892], [-97.1691979094373, 49.92181618170588], [-97.17006181161916, 49.92132537231926], [-97.17036868395427, 49.9209266472526], [-97.17045955715294, 49.92032937212742], [-97.17039550348031, 49.9196502317068], [-97.17010474579473, 49.91928743402795], [-97.1696801066767, 49.919011463434124], [-97.16896654458537, 49.91871882171995], [-97.16011221881166, 49.91595626981243], [-97.15960108424231, 49.91583624820943], [-97.15902507300805, 49.91614903252724], [-97.1586780591771, 49.91657813230138]]}, "_bbox": {"minLon": -97.17045955715294, "maxLon": -97.1586780591771, "minLat": 49.91583624820943, "maxLat": 49.92335002403282}}, {"type": "Feature", "properties": {"id": 363, "type": "railway", "material": "unknown", "snapped": false, "length_m": 1261.3, "rail_class": "through"}, "geometry": {"type": "LineString", "coordinates": [[-97.1694689129564, 49.91649741390192], [-97.16922971105491, 49.91636423290377], [-97.16903006198254, 49.916193982116056], [-97.16850355877895, 49.91601876049509], [-97.15374996867011, 49.91144258080154]]}, "_bbox": {"minLon": -97.1694689129564, "maxLon": -97.15374996867011, "minLat": 49.91144258080154, "maxLat": 49.91649741390192}}, {"type": "Feature", "properties": {"id": 364, "type": "railway", "material": "unknown", "snapped": false, "length_m": 3801.5, "rail_class": "through"}, "geometry": {"type": "LineString", "coordinates": [[-97.15313097447306, 49.91131592471774], [-97.16130495329956, 49.912768725873875], [-97.16337067266535, 49.912533751558094], [-97.17608147527534, 49.90977354669271], [-97.18149877831898, 49.90848442466819], [-97.18407188485497, 49.90790656866658], [-97.18764998036288, 49.907549659342266], [-97.2043863949793, 49.905910700059806]]}, "_bbox": {"minLon": -97.2043863949793, "maxLon": -97.15313097447306, "minLat": 49.905910700059806, "maxLat": 49.912768725873875}}, {"type": "Feature", "properties": {"id": 365, "type": "railway", "material": "unknown", "snapped": false, "length_m": 165.0, "rail_class": "siding", "switcher": false}, "geometry": {"type": "LineString", "coordinates": [[-97.16278748781131, 49.91182891119545], [-97.16234349837949, 49.91238941786841], [-97.1619960679835, 49.912586993456756], [-97.16144381420612, 49.91273134363404], [-97.16117352605166, 49.91271404610581]]}, "_bbox": {"minLon": -97.16278748781131, "maxLon": -97.16117352605166, "minLat": 49.91182891119545, "maxLat": 49.91273134363404}}, {"type": "Feature", "properties": {"id": 307, "type": "railway", "material": "unknown", "snapped": false, "length_m": 6016.1, "rail_class": "through"}, "geometry": {"type": "LineString", "coordinates": [[-97.19386344124568, 49.881389955066524], [-97.19305807290434, 49.90022372681125], [-97.1920998157729, 49.90295838885186], [-97.19049820595734, 49.904774040992606], [-97.18815793214384, 49.90628680286931], [-97.1867341640158, 49.907285059525286], [-97.18581871328989, 49.90799858751715], [-97.18473144977091, 49.90835922382866], [-97.18206197089839, 49.908972121166585], [-97.17784929506394, 49.909911828129545], [-97.17753398167594, 49.90996428653835], [-97.17464908894019, 49.91059820913338], [-97.17406804338187, 49.910605940291674], [-97.17345416198405, 49.910530077798754], [-97.17157619010453, 49.909958577672946], [-97.16071702060812, 49.906491055284484], [-97.15998031262137, 49.90634970849374], [-97.15911608258219, 49.90639299431779], [-97.15787909353706, 49.90663650124639], [-97.1571034737397, 49.90686770664871], [-97.15622144188204, 49.9068583595763], [-97.15533261190882, 49.90666843757968], [-97.14850279758829, 49.904485899721465]]}, "_bbox": {"minLon": -97.19386344124568, "maxLon": -97.14850279758829, "minLat": 49.881389955066524, "maxLat": 49.910605940291674}}, {"type": "Feature", "properties": {"id": 366, "type": "railway", "material": "unknown", "snapped": false, "length_m": 735.4, "rail_class": "through"}, "geometry": {"type": "LineString", "coordinates": [[-97.18404540703257, 49.90789121525448], [-97.1866702108452, 49.907208230665084], [-97.18824435525933, 49.906659236839005], [-97.1903699925095, 49.905469441010844], [-97.19146907173213, 49.904552787636646], [-97.19200336102544, 49.90397222009413]]}, "_bbox": {"minLon": -97.19200336102544, "maxLon": -97.18404540703257, "minLat": 49.90397222009413, "maxLat": 49.90789121525448}}, {"type": "Feature", "properties": {"id": 367, "type": "railway", "material": "unknown", "snapped": false, "length_m": 369.8, "rail_class": "siding", "switcher": false}, "geometry": {"type": "LineString", "coordinates": [[-97.18848335705886, 49.90877311766939], [-97.18897753799004, 49.90833936760788], [-97.18959473624848, 49.907973068205514], [-97.19014212320982, 49.90765959438138], [-97.19071351182944, 49.90746646102187], [-97.19150103274332, 49.90727661462586], [-97.19272641980982, 49.90704818236896]]}, "_bbox": {"minLon": -97.19272641980982, "maxLon": -97.18848335705886, "minLat": 49.90704818236896, "maxLat": 49.90877311766939}}, {"type": "Feature", "properties": {"id": 368, "type": "railway", "material": "unknown", "snapped": false, "length_m": 430.3, "rail_class": "siding", "switcher": true}, "geometry": {"type": "LineString", "coordinates": [[-97.17938130124467, 49.90897098990556], [-97.17878247644553, 49.909026729716444], [-97.17817891952438, 49.90891426383769], [-97.17595540407194, 49.90821660428901], [-97.17525846952462, 49.9078767572858], [-97.17459501086438, 49.90733151407267], [-97.17430244020207, 49.907201047899356]]}, "_bbox": {"minLon": -97.17938130124467, "maxLon": -97.17430244020207, "minLat": 49.907201047899356, "maxLat": 49.909026729716444}}, {"type": "Feature", "properties": {"id": 369, "type": "railway", "material": "unknown", "snapped": false, "length_m": 664.6, "rail_class": "through"}, "geometry": {"type": "LineString", "coordinates": [[-97.15207038101872, 49.912402041721904], [-97.14440713771141, 49.90901942846681]]}, "_bbox": {"minLon": -97.15207038101872, "maxLon": -97.14440713771141, "minLat": 49.90901942846681, "maxLat": 49.912402041721904}}, {"type": "Feature", "properties": {"id": 370, "type": "railway", "material": "unknown", "snapped": false, "length_m": 739.8, "rail_class": "through"}, "geometry": {"type": "LineString", "coordinates": [[-97.1530094306454, 49.9126995887777], [-97.1444507538465, 49.90896275719222]]}, "_bbox": {"minLon": -97.1530094306454, "maxLon": -97.1444507538465, "minLat": 49.90896275719222, "maxLat": 49.9126995887777}}, {"type": "Feature", "properties": {"id": 371, "type": "railway", "material": "unknown", "snapped": false, "length_m": 714.6, "rail_class": "through"}, "geometry": {"type": "LineString", "coordinates": [[-97.15280284259187, 49.91245591461651], [-97.14455325176404, 49.90882957969688]]}, "_bbox": {"minLon": -97.15280284259187, "maxLon": -97.14455325176404, "minLat": 49.90882957969688, "maxLat": 49.91245591461651}}, {"type": "Feature", "properties": {"id": 373, "type": "railway", "material": "unknown", "snapped": false, "length_m": 743.1, "rail_class": "through"}, "geometry": {"type": "LineString", "coordinates": [[-97.15308603057963, 49.91266058169201], [-97.14450963562895, 49.90888625097147]]}, "_bbox": {"minLon": -97.15308603057963, "maxLon": -97.14450963562895, "minLat": 49.90888625097147, "maxLat": 49.91266058169201}}, {"type": "Feature", "properties": {"id": 374, "type": "railway", "material": "unknown", "snapped": false, "length_m": 587.6, "rail_class": "through"}, "geometry": {"type": "LineString", "coordinates": [[-97.15154625172352, 49.911536204529924], [-97.14477133243948, 49.90854622332392]]}, "_bbox": {"minLon": -97.15154625172352, "maxLon": -97.14477133243948, "minLat": 49.90854622332392, "maxLat": 49.911536204529924}}, {"type": "Feature", "properties": {"id": 376, "type": "railway", "material": "unknown", "snapped": false, "length_m": 614.5, "rail_class": "through"}, "geometry": {"type": "LineString", "coordinates": [[-97.1518134544586, 49.91173004977535], [-97.14472771630439, 49.90860289459851]]}, "_bbox": {"minLon": -97.1518134544586, "maxLon": -97.14472771630439, "minLat": 49.90860289459851, "maxLat": 49.91173004977535}}, {"type": "Feature", "properties": {"id": 379, "type": "railway", "material": "unknown", "snapped": false, "length_m": 636.4, "rail_class": "through"}, "geometry": {"type": "LineString", "coordinates": [[-97.15203310069711, 49.91189224331558], [-97.14466883452194, 49.90867940081926]]}, "_bbox": {"minLon": -97.15203310069711, "maxLon": -97.14466883452194, "minLat": 49.90867940081926, "maxLat": 49.91189224331558}}, {"type": "Feature", "properties": {"id": 383, "type": "railway", "material": "unknown", "snapped": false, "length_m": 678.4, "rail_class": "through"}, "geometry": {"type": "LineString", "coordinates": [[-97.15244325290594, 49.912192232900374], [-97.14462521838685, 49.90873607209385]]}, "_bbox": {"minLon": -97.15244325290594, "maxLon": -97.14462521838685, "minLat": 49.90873607209385, "maxLat": 49.912192232900374}}, {"type": "Feature", "properties": {"id": 384, "type": "railway", "material": "unknown", "snapped": false, "length_m": 489.3, "rail_class": "siding", "switcher": false}, "geometry": {"type": "LineString", "coordinates": [[-97.15057443247437, 49.91082640510505], [-97.14493271213935, 49.90833653960791]]}, "_bbox": {"minLon": -97.15057443247437, "maxLon": -97.14493271213935, "minLat": 49.90833653960791, "maxLat": 49.91082640510505}}, {"type": "Feature", "properties": {"id": 386, "type": "railway", "material": "unknown", "snapped": false, "length_m": 515.2, "rail_class": "through"}, "geometry": {"type": "LineString", "coordinates": [[-97.1508302064576, 49.91101520648917], [-97.14488909600426, 49.9083932108825]]}, "_bbox": {"minLon": -97.1508302064576, "maxLon": -97.14488909600426, "minLat": 49.9083932108825, "maxLat": 49.91101520648917}}, {"type": "Feature", "properties": {"id": 389, "type": "railway", "material": "unknown", "snapped": false, "length_m": 540.3, "rail_class": "through"}, "geometry": {"type": "LineString", "coordinates": [[-97.15108233534885, 49.91119735893086], [-97.14483021422181, 49.90846971710325]]}, "_bbox": {"minLon": -97.15108233534885, "maxLon": -97.14483021422181, "minLat": 49.90846971710325, "maxLat": 49.91119735893086}}, {"type": "Feature", "properties": {"id": 390, "type": "railway", "material": "unknown", "snapped": false, "length_m": 302.3, "rail_class": "siding", "switcher": false}, "geometry": {"type": "LineString", "coordinates": [[-97.15133788927757, 49.910734878518866], [-97.14795797453974, 49.90910089648665]]}, "_bbox": {"minLon": -97.15133788927757, "maxLon": -97.14795797453974, "minLat": 49.90910089648665, "maxLat": 49.910734878518866}}, {"type": "Feature", "properties": {"id": 391, "type": "railway", "material": "unknown", "snapped": false, "length_m": 302.3, "rail_class": "siding", "switcher": false}, "geometry": {"type": "LineString", "coordinates": [[-97.15032552158674, 49.9104116118424], [-97.1469456068489, 49.90877762981018]]}, "_bbox": {"minLon": -97.15032552158674, "maxLon": -97.1469456068489, "minLat": 49.90877762981018, "maxLat": 49.9104116118424}}, {"type": "Feature", "properties": {"id": 392, "type": "railway", "material": "unknown", "snapped": false, "length_m": 302.3, "rail_class": "siding", "switcher": false}, "geometry": {"type": "LineString", "coordinates": [[-97.14805631010113, 49.909675408059165], [-97.14467639536329, 49.90804142602695]]}, "_bbox": {"minLon": -97.14805631010113, "maxLon": -97.14467639536329, "minLat": 49.90804142602695, "maxLat": 49.909675408059165}}, {"type": "Feature", "properties": {"id": 394, "type": "railway", "material": "unknown", "snapped": false, "length_m": 302.3, "rail_class": "siding", "switcher": true}, "geometry": {"type": "LineString", "coordinates": [[-97.14906867779196, 49.90999867473563], [-97.14568876305412, 49.908364692703415]]}, "_bbox": {"minLon": -97.14906867779196, "maxLon": -97.14568876305412, "minLat": 49.908364692703415, "maxLat": 49.90999867473563}}, {"type": "Feature", "properties": {"id": 395, "type": "railway", "material": "unknown", "snapped": false, "length_m": 302.3, "rail_class": "siding", "switcher": false}, "geometry": {"type": "LineString", "coordinates": [[-97.1517204196408, 49.910857027141674], [-97.14834050490296, 49.90922304510946]]}, "_bbox": {"minLon": -97.1517204196408, "maxLon": -97.14834050490296, "minLat": 49.90922304510946, "maxLat": 49.910857027141674}}, {"type": "Feature", "properties": {"id": 397, "type": "railway", "material": "unknown", "snapped": false, "length_m": 302.3, "rail_class": "siding", "switcher": false}, "geometry": {"type": "LineString", "coordinates": [[-97.15070805194996, 49.910533760465206], [-97.14732813721213, 49.90889977843299]]}, "_bbox": {"minLon": -97.15070805194996, "maxLon": -97.14732813721213, "minLat": 49.90889977843299, "maxLat": 49.910533760465206}}, {"type": "Feature", "properties": {"id": 400, "type": "railway", "material": "unknown", "snapped": false, "length_m": 302.3, "rail_class": "siding", "switcher": false}, "geometry": {"type": "LineString", "coordinates": [[-97.14945120815518, 49.91012082335844], [-97.14607129341735, 49.90848684132622]]}, "_bbox": {"minLon": -97.14945120815518, "maxLon": -97.14607129341735, "minLat": 49.90848684132622, "maxLat": 49.91012082335844}}, {"type": "Feature", "properties": {"id": 404, "type": "railway", "material": "unknown", "snapped": false, "length_m": 302.3, "rail_class": "siding", "switcher": true}, "geometry": {"type": "LineString", "coordinates": [[-97.14843884046435, 49.90979755668197], [-97.14505892572652, 49.908163574649755]]}, "_bbox": {"minLon": -97.14843884046435, "maxLon": -97.14505892572652, "minLat": 49.908163574649755, "maxLat": 49.90979755668197}}, {"type": "Feature", "properties": {"id": 104, "material": "blue", "snapped": false, "floors": 0.1, "name": "Railway", "source_file": "Goad_1906_Everything_wip_2026-05-05_1718.json", "import_date": "2026-05-05", "group": "import_Goad_1906_Everything_wip_2026-05-05_1718_20260505", "type": "railway", "length_m": 1866.6, "rail_class": "through"}, "geometry": {"type": "LineString", "coordinates": [[-97.15269022910472, 49.91122068680236], [-97.13613494759329, 49.90584925717691], [-97.13611409696757, 49.905843127241795], [-97.13577348103462, 49.90576676966024], [-97.13129720372055, 49.905122311062975], [-97.13127525838817, 49.905119896766045], [-97.1288155401191, 49.90473445802103]]}, "_bbox": {"minLon": -97.15269022910472, "maxLon": -97.1288155401191, "minLat": 49.90473445802103, "maxLat": 49.91122068680236}}, {"type": "Feature", "properties": {"id": 162, "material": "blue", "snapped": false, "floors": 0.1, "name": "Railway Siding", "group": "import_Goad_1906_Everything_wip_2026-05-04_1721_20260505", "source_file": "Goad_1906_Everything_wip_2026-05-09_0014.geojson", "import_date": "2026-05-10", "type": "railway", "length_m": 2237.7, "rail_class": "through"}, "geometry": {"type": "LineString", "coordinates": [[-97.15663515017941, 49.91302259859013], [-97.15266562522699, 49.911261564800725], [-97.13616000834587, 49.90590168981816], [-97.13613887000912, 49.905896625699185], [-97.13582889889666, 49.90583330311483], [-97.13128044883545, 49.90516689896582], [-97.13126145946575, 49.9051652674429], [-97.12843824724546, 49.904708278917354]]}, "_bbox": {"minLon": -97.15663515017941, "maxLon": -97.12843824724546, "minLat": 49.904708278917354, "maxLat": 49.91302259859013}}, {"type": "Feature", "properties": {"material": "blue", "fill_original": "#000000", "snapped": false, "area_m2": 1609.2, "id": 160, "source_file": "Goad_1906_Sheet_31.geojson", "import_date": "2026-05-04", "group": "import_Goad_1906_Sheet_31_20260504", "floors": 0.1, "name": "Railway", "type": "railway", "length_m": 2286.0, "rail_class": "through"}, "geometry": {"type": "LineString", "coordinates": [[-97.15664282148548, 49.913064181444675], [-97.15264429325264, 49.91129467374295], [-97.1361361666262, 49.90594137460237], [-97.13611718417172, 49.90593699838063], [-97.13572658751544, 49.90586119039073], [-97.13127849128855, 49.905210257580634], [-97.13125627718921, 49.90520789195865], [-97.12778961621292, 49.904641495244164]]}, "_bbox": {"minLon": -97.15664282148548, "maxLon": -97.12778961621292, "minLat": 49.904641495244164, "maxLat": 49.913064181444675}}, {"type": "Feature", "properties": {"id": 105, "material": "blue", "snapped": false, "floors": 0.1, "name": "Railway", "source_file": "Goad_1906_Everything_wip_2026-05-05_1718.json", "import_date": "2026-05-05", "group": "import_Goad_1906_Everything_wip_2026-05-05_1718_20260505", "type": "railway", "length_m": 1469.6, "rail_class": "through"}, "geometry": {"type": "LineString", "coordinates": [[-97.13594162785758, 49.905944178627955], [-97.13125591428123, 49.90524729317873], [-97.13123119383917, 49.90524299188752], [-97.12862504694081, 49.90482229251492], [-97.12704998958145, 49.904565024280984], [-97.12039512397759, 49.903530892478834], [-97.11894967698744, 49.90332983141981], [-97.1180247511873, 49.90322033866742], [-97.11719562481613, 49.903173369922364], [-97.11666959719282, 49.90314710310639], [-97.11595110436924, 49.90306163098026]]}, "_bbox": {"minLon": -97.13594162785758, "maxLon": -97.11595110436924, "minLat": 49.90306163098026, "maxLat": 49.905944178627955}}, {"type": "Feature", "properties": {"id": 107, "material": "blue", "snapped": false, "floors": 0.1, "name": "Rrailway Siding", "source_file": "Goad_1906_Everything_wip_2026-05-05_0438.geojson", "import_date": "2026-05-05", "group": "import_Goad_1906_Everything_wip_2026-05-05_0438_20260505", "type": "railway", "length_m": 938.2, "rail_class": "through"}, "geometry": {"type": "LineString", "coordinates": [[-97.11553520459212, 49.90300096663698], [-97.11741377014692, 49.90310849627646], [-97.11766893456468, 49.90312495012654], [-97.11832550352862, 49.90318199529653], [-97.11912706005761, 49.90327035837715], [-97.1202571396755, 49.903443571606545], [-97.12101919788303, 49.903546430262004], [-97.1276762106049, 49.90459250518412], [-97.1279776231355, 49.904625055641795], [-97.12826208382872, 49.904633869625336], [-97.12834834138606, 49.90462563880167]]}, "_bbox": {"minLon": -97.12834834138606, "maxLon": -97.11553520459212, "minLat": 49.90300096663698, "maxLat": 49.904633869625336}}, {"type": "Feature", "properties": {"id": 406, "type": "railway", "material": "blue", "snapped": false, "length_m": 200.7, "rail_class": "siding", "switcher": true}, "geometry": {"type": "LineString", "coordinates": [[-97.11830567220899, 49.903178316875405], [-97.11789753978749, 49.90311434470407], [-97.11750024856373, 49.90307108574169], [-97.11646638880265, 49.90300636281437], [-97.11553247730124, 49.902953649620464]]}, "_bbox": {"minLon": -97.11830567220899, "maxLon": -97.11553247730124, "minLat": 49.902953649620464, "maxLat": 49.903178316875405}}, {"type": "Feature", "properties": {"material": "blue", "fill_original": "#000000", "snapped": false, "area_m2": 289.3, "id": 148, "source_file": "Goad_1906_Sheet_35.geojson", "import_date": "2026-05-05", "group": "import_Goad_1906_Sheet_35_20260505", "floors": 0.1, "name": "railway siding", "type": "railway", "length_m": 530.0, "rail_class": "through"}, "geometry": {"type": "LineString", "coordinates": [[-97.12186395548646, 49.903854689929055], [-97.11952197300188, 49.903492954205426], [-97.11853123814083, 49.903283804591936], [-97.11810898520821, 49.90322723919506], [-97.11769439510336, 49.903203223494316], [-97.11730709720096, 49.903214061754035], [-97.11692978741428, 49.90324885577817], [-97.11653465393103, 49.90332007341774], [-97.11612893683956, 49.90343454333583], [-97.11567299923385, 49.90363078505639], [-97.11520741235078, 49.90387383227048], [-97.11498030972393, 49.904027866119606]]}, "_bbox": {"minLon": -97.12186395548646, "maxLon": -97.11498030972393, "minLat": 49.903203223494316, "maxLat": 49.904027866119606}}, {"type": "Feature", "properties": {"id": 407, "type": "railway", "material": "unknown", "snapped": false, "length_m": 16.5, "rail_class": "siding", "switcher": false}, "geometry": {"type": "LineString", "coordinates": [[-97.12069558037119, 49.90160301315264], [-97.12064007527549, 49.90174771209855]]}, "_bbox": {"minLon": -97.12069558037119, "maxLon": -97.12064007527549, "minLat": 49.90160301315264, "maxLat": 49.90174771209855}}]}